t (s), x (mm), y (mm), theta (rad), v (mm/s), omega (rad/s)
19.39, 234, 300, -1.816576311763842, 42.192899999999995, 9.587672516830327e-05
19.4, 234, 300, -1.816576311763842, 42.192899999999995, 9.587672516830327e-05
19.41, 234, 300, -1.816576311763842, 42.192899999999995, 9.587672516830327e-05
19.42, 234, 300, -1.816576311763842, 42.192899999999995, 9.587672516830327e-05
19.43, 234, 300, -1.816576311763842, 42.192899999999995, 9.587672516830327e-05
19.44, 234, 300, -1.816576311763842, 42.192899999999995, 9.587672516830327e-05
19.45, 234, 300, -1.816576311763842, 42.192899999999995, 9.587672516830327e-05
19.46, 234, 300, -1.816576311763842, 42.192899999999995, 9.587672516830327e-05
19.47, 234, 300, -1.816576311763842, 42.192899999999995, 9.587672516830327e-05
19.48, 234, 300, -1.816576311763842, 42.192899999999995, 9.587672516830327e-05
19.49, 234, 300, -1.816576311763842, 42.192899999999995, 9.587672516830327e-05
19.5, 234, 300, -1.816576311763842, 42.192899999999995, 9.587672516830327e-05
19.51, 234, 300, -1.816576311763842, 42.192899999999995, 9.587672516830327e-05
19.52, 234, 300, -1.816576311763842, 42.192899999999995, 9.587672516830327e-05
19.58, 234, 300, -1.816576311763842, 42.192899999999995, 9.587672516830327e-05
19.6, 234, 300, -1.816576311763842, 42.192899999999995, 9.587672516830327e-05
19.62, 234, 300, -1.816576311763842, 42.192899999999995, 9.587672516830327e-05
19.64, 234, 300, -1.816576311763842, 42.192899999999995, 9.587672516830327e-05
19.66, 234, 300, -1.816576311763842, 42.192899999999995, 9.587672516830327e-05
19.67, 234, 300, -1.816576311763842, 42.192899999999995, 9.587672516830327e-05
19.68, 234, 300, -1.816576311763842, 42.192899999999995, 9.587672516830327e-05
19.69, 234, 300, -1.816576311763842, 42.192899999999995, 9.587672516830327e-05
19.7, 234, 300, -1.816576311763842, 42.192899999999995, 9.587672516830327e-05
19.71, 234, 300, -1.816576311763842, 42.192899999999995, 9.587672516830327e-05
19.72, 234, 300, -1.816576311763842, 42.192899999999995, 9.587672516830327e-05
19.73, 234, 300, -1.816576311763842, 42.192899999999995, 9.587672516830327e-05
0.0, 50, 450, 0.0, 62.507999999999996, -0.13010471605338753
0.01, 50, 450, 0.0, 62.507999999999996, -0.13010471605338753
0.02, 50, 450, 0.0, 62.507999999999996, -0.13010471605338753
0.03, 50, 450, -0.002492794854375885, 62.507999999999996, -0.12991296260305094
0.04, 50, 450, -0.007286631112791048, 62.507999999999996, -0.129625332427546
0.05, 50, 450, -0.015052645851423612, 62.507999999999996, -0.12914594880170452
0.06, 50, 450, -0.02559908561993697, 62.507999999999996, -0.12837893500035807
0.07, 50, 450, -0.03854244351765791, 62.507999999999996, -0.12761192119901163
0.08, 50, 450, -0.05378684281941813, 62.507999999999996, -0.12655727722216029
0.09, 50, 450, -0.0703735162735346, 62.507999999999996, -0.1254067565201407
0.11, 50, 450, -0.10651904166198493, 62.507999999999996, -0.12291396166576479
0.12, 50, 450, -0.126461400496992, 62.507999999999996, -0.12157168751340855
0.13, 50, 450, -0.14841717056053347, 62.507999999999996, -0.120133536635884
0.14, 50, 450, -0.17248222857777756, 4.6880999999999995, 0.07727664048565243
0.15, 50, 450, -0.19827306764805117, 62.507999999999996, 0.01524439930176022
0.16, 50, 450, -0.22876186625157158, 62.507999999999996, 0.01649079672894816
0.17, 51, 450, -0.2577166372523992, 62.507999999999996, 0.017449563980631196
0.18, 51, 450, -0.2825487090709897, 62.507999999999996, 0.018408331232314227
0.19, 51, 450, -0.30095704030330395, 62.507999999999996, 0.019175345033660654
0.2, 51, 450, -0.3079560412405901, 62.507999999999996, 0.01936709848399726
0.21, 51, 450, -0.3091065619426097, 62.507999999999996, 0.019462975209165564
0.22, 51, 450, -0.30718902743924364, 62.507999999999996, 0.01936709848399726
0.23, 51, 450, -0.304120972233858, 62.507999999999996, 0.019271221758828956
0.24, 52, 450, -0.2999023963264526, 62.507999999999996, 0.01898359158332405
0.26, 52, 450, -0.2865755315280585, 62.507999999999996, 0.018408331232314227
0.27, 52, 450, -0.27670022883572326, 62.507999999999996, 0.018120701056809317
0.28, 53, 450, -0.26663317269305137, 62.507999999999996, 0.017545440705799498
0.29, 53, 450, -0.2564702398252112, 62.507999999999996, 0.017161933805126286
0.3, 54, 449, -0.246594937132876, 62.507999999999996, 0.017161933805126286
0.31, 54, 449, -0.23681551116570906, 62.507999999999996, 0.01677842690445307
0.32, 55, 449, -0.2262690713971957, 62.507999999999996, 0.01620316655344325
0.33, 55, 449, -0.21543500145317745, 62.507999999999996, 0.015819659652770036
0.34, 56, 449, -0.20450505478399086, 62.507999999999996, 0.015340276026928522
0.35, 56, 449, -0.1931916012141311, 62.507999999999996, 0.014860892401087006
0.36, 57, 449, -0.18197402436943957, 62.507999999999996, 0.01438150877524549
0.37, 57, 449, -0.17133170787575794, 62.507999999999996, 0.013998001874572277
0.38, 58, 449, -0.1613605284582544, 62.507999999999996, 0.01351861824873076
0.39, 58, 449, -0.15110171886524593, 62.507999999999996, 0.013230988073225852
0.4, 59, 448, -0.14132229289807902, 62.507999999999996, 0.013422741523562457
0.41, 59, 448, -0.13096760657990228, 62.507999999999996, 0.013039234622889246
0.42, 60, 448, -0.12090055043723043, 62.507999999999996, 0.012655727722216032
0.43, 60, 448, -0.11169638482107332, 62.507999999999996, 0.01236809754671112
0.44, 61, 448, -0.10210871230424297, 62.507999999999996, 0.011888713920869605
0.45, 61, 448, -0.09290454668808587, 62.507999999999996, 0.011601083745364695
0.46, 62, 448, -0.08360450434676044, 62.507999999999996, 0.011217576844691482
0.47, 63, 448, -0.07430446200543503, 62.507999999999996, 0.010929946669186572
0.48, 63, 448, -0.06557968001511943, 62.507999999999996, 0.01054643976851336
0.49, 64, 448, -0.05800541872682348, 62.507999999999996, 0.010258809593008449
0.5, 64, 448, -0.05052703416369582, 62.507999999999996, 0.00997117941750354
0.51, 65, 448, -0.04304864960056817, 62.507999999999996, 0.009779425967166933
0.52, 65, 448, -0.035666141762608815, 62.507999999999996, 0.009491795791662025
0.53, 66, 448, -0.028091880474312856, 62.507999999999996, 0.009300042341325417
0.54, 67, 448, -0.020805249361521807, 62.507999999999996, 0.009012412165820508
0.55, 67, 448, -0.013614494973899065, 62.507999999999996, 0.0088206587154839
0.56, 68, 448, -0.0068072474869495326, 62.507999999999996, 0.008533028539978992
0.57, 68, 448, -0.0003835069006732131, 62.507999999999996, 0.008341275089642384
0.58, 69, 448, 0.006136110410771409, 62.507999999999996, 0.008149521639305778
0.59, 69, 448, 0.012176344096374515, 62.507999999999996, 0.007957768188969172
0.6, 70, 448, 0.017928947606472713, 62.507999999999996, 0.007861891463800867
0.61, 71, 448, 0.024160934742412425, 62.507999999999996, 0.007670138013464261
0.62, 71, 448, 0.03020116842801553, 62.507999999999996, 0.007478384563127654
0.63, 72, 448, 0.03576201848777712, 62.507999999999996, 0.007286631112791048
0.64, 72, 448, 0.041610498723043614, 62.507999999999996, 0.007190754387622745
0.65, 73, 448, 0.04707547205763691, 62.507999999999996, 0.0069990009372861385
0.66, 74, 448, 0.05254044539223019, 62.507999999999996, 0.0068072474869495326
0.67, 74, 448, 0.05800541872682348, 62.507999999999996, 0.006711370761781229
0.68, 75, 448, 0.06347039206141676, 62.507999999999996, 0.006615494036612926
0.69, 75, 448, 0.06864773522050514, 62.507999999999996, 0.006423740586276319
0.7, 76, 448, 0.07344157147892029, 62.507999999999996, 0.006327863861108016
0.71, 77, 448, 0.07766014738632564, 62.507999999999996, 0.006231987135939712
0.72, 77, 448, 0.08178284656856269, 62.507999999999996, 0.006136110410771409
0.74, 78, 448, 0.09041175183370999, 62.507999999999996, 0.0059443569604348025
0.75, 79, 448, 0.09530146481729344, 62.507999999999996, 0.0058484802352664995
0.76, 80, 448, 0.0998076709002037, 62.507999999999996, 0.005752603510098196
0.77, 80, 448, 0.10421800025794564, 62.507999999999996, 0.005656726784929893
0.78, 81, 448, 0.10843657616535099, 62.507999999999996, 0.005656726784929893
0.79, 81, 448, 0.11284690552309294, 62.507999999999996, 0.005464973334593286
0.8, 82, 448, 0.11677785125499338, 62.507999999999996, 0.005464973334593286
0.81, 83, 448, 0.12118818061273533, 62.507999999999996, 0.005369096609424983
0.82, 83, 448, 0.1254067565201407, 62.507999999999996, 0.00527321988425668
0.83, 84, 448, 0.12905007207653618, 62.507999999999996, 0.005369096609424983
0.84, 84, 448, 0.13298101780843663, 62.507999999999996, 0.00527321988425668
0.85, 85, 448, 0.13662433336483215, 62.507999999999996, 0.00527321988425668
0.86, 86, 448, 0.1401717721960594, 62.507999999999996, 0.005177343159088376
0.87, 86, 448, 0.14381508775245488, 62.507999999999996, 0.005177343159088376
0.88, 87, 448, 0.14755428003401874, 62.507999999999996, 0.005081466433920073
0.89, 88, 448, 0.15158110249108747, 62.507999999999996, 0.005081466433920073
0.9, 88, 449, 0.15512854132231468, 62.507999999999996, 0.004506206082910254
0.91, 89, 449, 0.15867598015354192, 62.507999999999996, 0.004602082808078557
0.92, 89, 449, 0.16203166553443252, 62.507999999999996, 0.004506206082910254
0.93, 90, 449, 0.1650997207398182, 62.507999999999996, 0.004506206082910254
0.94, 91, 449, 0.16816777594520393, 62.507999999999996, 0.004506206082910254
0.95, 91, 449, 0.17133170787575794, 62.507999999999996, 0.00441032935774195
0.96, 92, 449, 0.17497502343215346, 62.507999999999996, 0.00441032935774195
0.97, 92, 449, 0.17794720191237087, 62.507999999999996, 0.00441032935774195
0.98, 93, 449, 0.18139876401842978, 62.507999999999996, 0.00441032935774195
0.99, 94, 450, 0.1850420795748253, 62.507999999999996, 0.003930945731900433
1.0, 94, 450, 0.18830188823054764, 62.507999999999996, 0.003930945731900433
1.01, 95, 450, 0.19184932706177482, 62.507999999999996, 0.003930945731900433
1.02, 95, 450, 0.19530088916783375, 62.507999999999996, 0.0038350690067321305
1.03, 96, 450, 0.19856069782355606, 62.507999999999996, 0.003930945731900433
1.04, 97, 450, 0.20134112285343686, 62.507999999999996, 0.003930945731900433
1.05, 97, 450, 0.20383391770781276, 62.507999999999996, 0.003930945731900433
1.06, 98, 450, 0.2058473289363471, 62.507999999999996, 0.003930945731900433
1.07, 98, 450, 0.20776486343971318, 62.507999999999996, 0.003930945731900433
1.08, 99, 451, 0.20977827466824756, 62.507999999999996, 0.003547438831227221
1.09, 100, 451, 0.21255869969812835, 62.507999999999996, 0.003547438831227221
1.1, 100, 451, 0.21562675490351405, 62.507999999999996, 0.003547438831227221
1.11, 101, 451, 0.21859893338373146, 62.507999999999996, 0.003547438831227221
1.12, 101, 451, 0.22185874203945374, 62.507999999999996, 0.003547438831227221
1.13, 102, 451, 0.22502267397000775, 62.507999999999996, 0.003547438831227221
1.1400000000000001, 103, 451, 0.22809072917539347, 62.507999999999996, 0.003643315556395524
1.15, 103, 452, 0.23077527748010598, 62.507999999999996, 0.0030680552053857046
1.16, 104, 452, 0.2325010585331354, 62.507999999999996, 0.0032598086557223114
1.17, 105, 452, 0.23365157923515506, 62.507999999999996, 0.0033556853808906144
1.18, 105, 452, 0.2347062232120064, 62.507999999999996, 0.0033556853808906144
1.19, 106, 452, 0.23671963444054075, 61.88292, 0.0033556853808906144
1.2, 106, 452, 0.23950005947042158, 61.88292, 0.0033556853808906144
1.21, 107, 452, 0.24237636122547065, 59.07006, 0.0034515621060589178
1.22, 108, 453, 0.24573204660636128, 57.19482, 0.0030680552053857046
1.23, 108, 453, 0.2489918552620836, 57.50736, 0.0030680552053857046
1.24, 109, 453, 0.25177228029196436, 54.6945, 0.0030680552053857046
1.25, 109, 453, 0.2545527053218452, 54.6945, 0.0030680552053857046
1.26, 110, 453, 0.25666199327554784, 52.194179999999996, 0.003163931930554008
1.28, 111, 453, 0.2605929390074483, 49.69386, 0.0032598086557223114
1.29, 112, 454, 0.2621269666101411, 62.507999999999996, -0.010929946669186572
1.3, 112, 454, 0.2643321312890121, 62.507999999999996, -0.01112170011952318
1.31, 113, 454, 0.26577028216653664, 62.507999999999996, -0.01112170011952318
1.32, 113, 454, 0.2671125563188929, 62.507999999999996, -0.011217576844691482
1.33, 114, 454, 0.2674960632195661, 62.507999999999996, -0.011313453569859785
1.34, 114, 454, 0.26577028216653664, 62.507999999999996, -0.01112170011952318
1.3599999999999999, 116, 455, 0.25694962345105277, 62.507999999999996, -0.01112170011952318
1.37, 116, 455, 0.2501423759641032, 62.507999999999996, -0.010642316493681662
1.38, 117, 455, 0.24275986812614386, 62.507999999999996, -0.010162932867840146
1.3900000000000001, 117, 455, 0.23528148356301623, 62.507999999999996, -0.009779425967166933
1.4, 118, 455, 0.2282824826257301, 62.507999999999996, -0.009300042341325417
1.41, 119, 455, 0.22147523513878056, 62.507999999999996, -0.008916535440652204
1.42, 119, 456, 0.21476386437699932, 62.507999999999996, -0.008916535440652204
1.43, 120, 456, 0.2087236306913962, 62.507999999999996, -0.008533028539978992
1.44, 120, 456, 0.20229989010511987, 62.507999999999996, -0.008149521639305778
1.45, 121, 456, 0.19606790296918017, 62.507999999999996, -0.007766014738632564
1.46, 121, 456, 0.1904111761842503, 62.507999999999996, -0.007382507837959351
1.47, 122, 456, 0.18427506577347888, 62.507999999999996, -0.0069990009372861385
1.48, 123, 456, 0.1784265855382124, 62.507999999999996, -0.006711370761781229
1.49, 123, 456, 0.17267398202811418, 62.507999999999996, -0.006327863861108016
1.5, 124, 456, 0.16740076214385752, 62.507999999999996, -0.0059443569604348025
1.51, 124, 457, 0.16308630951128386, 62.507999999999996, -0.006231987135939712
1.52, 125, 457, 0.1585801034283736, 62.507999999999996, -0.0059443569604348025
1.53, 126, 457, 0.15436152752096827, 62.507999999999996, -0.005656726784929893
1.54, 126, 457, 0.1503347050638995, 62.507999999999996, -0.005369096609424983
1.55, 127, 457, 0.14630788260683078, 62.507999999999996, -0.005177343159088376
1.56, 127, 457, 0.14228106014976205, 62.507999999999996, -0.0048897129835834665
1.5699999999999998, 128, 457, 0.1384459911430299, 62.507999999999996, -0.00469795953324686
1.58, 129, 457, 0.13422741523562456, 62.507999999999996, -0.00441032935774195
1.5899999999999999, 129, 457, 0.13058409967922904, 62.507999999999996, -0.004218575907405343
1.6, 130, 457, 0.12751604447384335, 62.507999999999996, -0.004026822457068737
1.6099999999999999, 130, 457, 0.12463974271879424, 62.507999999999996, -0.0038350690067321305
1.62, 131, 457, 0.12147581078824023, 62.507999999999996, -0.003643315556395524
1.63, 132, 458, 0.1175448650563398, 62.507999999999996, -0.0038350690067321305
1.6400000000000001, 132, 458, 0.1141891796754492, 62.507999999999996, -0.003643315556395524
1.65, 133, 458, 0.111600508095905, 62.507999999999996, -0.0034515621060589178
1.6600000000000001, 133, 458, 0.10997060376804385, 62.507999999999996, -0.0033556853808906144
1.6800000000000002, 135, 458, 0.10584790458580681, 62.507999999999996, -0.003163931930554008
1.69, 135, 458, 0.1026839726552528, 62.507999999999996, -0.0029721784802174012
1.7, 136, 458, 0.09884890364852067, 62.507999999999996, -0.0026845483047124915
1.71, 137, 458, 0.09501383464178853, 62.507999999999996, -0.002492794854375885
1.72, 137, 458, 0.09223340961190774, 62.507999999999996, -0.0023010414040392784
1.73, 138, 458, 0.08974061475753185, 62.507999999999996, -0.0021092879537026716
1.74, 138, 458, 0.08791895697933409, 62.507999999999996, -0.0020134112285343686
1.75, 139, 458, 0.08638492937664123, 62.507999999999996, -0.0019175345033660652
1.77, 140, 458, 0.08274161382024572, 62.507999999999996, -0.0017257810530294589
1.78, 141, 458, 0.08139933966788947, 62.507999999999996, -0.0016299043278611557
1.79, 142, 459, 0.08063232586654305, 62.507999999999996, -0.0020134112285343686
1.8, 142, 459, 0.07967355861486002, 62.507999999999996, -0.0020134112285343686
1.81, 143, 459, 0.07813953101216717, 62.507999999999996, -0.0019175345033660652
1.8199999999999998, 143, 459, 0.0764137499591377, 62.507999999999996, -0.001821657778197762
1.83, 144, 459, 0.07449621545577163, 62.507999999999996, -0.0016299043278611557
1.8399999999999999, 145, 459, 0.0737292016544252, 62.507999999999996, -0.0016299043278611557
1.85, 145, 459, 0.07267455767757387, 62.507999999999996, -0.0015340276026928523
1.8599999999999999, 146, 459, 0.07161991370072254, 62.507999999999996, -0.001438150877524549
1.87, 146, 459, 0.0705652697238712, 62.507999999999996, -0.001438150877524549
1.88, 147, 459, 0.06903124212117835, 62.507999999999996, -0.0013422741523562457
1.8900000000000001, 148, 459, 0.06836010504500023, 62.507999999999996, -0.0012463974271879426
1.9, 148, 459, 0.06749721451848549, 62.507999999999996, -0.0012463974271879426
1.92, 150, 459, 0.06548380328995114, 62.507999999999996, -0.0010546439768513358
1.9300000000000002, 150, 459, 0.06385389896208997, 62.507999999999996, -0.0009587672516830326
1.94, 151, 459, 0.06260750153490204, 62.507999999999996, -0.0009587672516830326
1.95, 151, 459, 0.061265227382545785, 62.507999999999996, -0.0008628905265147294
1.96, 152, 459, 0.060689967031535966, 62.507999999999996, -0.0007670138013464262
1.97, 153, 459, 0.06049821358119936, 62.507999999999996, -0.0007670138013464262
1.98, 153, 459, 0.05992295323018954, 62.507999999999996, -0.0007670138013464262
1.99, 154, 459, 0.059443569604348025, 62.507999999999996, -0.0007670138013464262
2.0, 154, 459, 0.05896418597850651, 62.507999999999996, -0.0006711370761781229
2.01, 155, 459, 0.05790954200165517, 62.507999999999996, -0.0006711370761781229
2.02, 156, 459, 0.05714252820030875, 62.507999999999996, -0.0005752603510098196
2.03, 156, 459, 0.05637551439896232, 62.507999999999996, -0.0005752603510098196
2.04, 157, 460, 0.0558002540479525, 62.507999999999996, -0.0009587672516830326
2.05, 158, 460, 0.0558002540479525, 62.507999999999996, -0.0009587672516830326
2.06, 158, 460, 0.0557043773227842, 62.507999999999996, -0.0009587672516830326
2.07, 159, 460, 0.05551262387244759, 62.507999999999996, -0.0009587672516830326
2.08, 159, 460, 0.05493736352143777, 62.507999999999996, -0.0009587672516830326
2.09, 160, 460, 0.054649733345932865, 62.507999999999996, -0.0009587672516830326
2.1, 161, 460, 0.05417034972009135, 62.507999999999996, -0.0008628905265147294
2.11, 161, 460, 0.053882719544586434, 62.507999999999996, -0.0008628905265147294
2.12, 162, 460, 0.0530198290180717, 62.507999999999996, -0.0007670138013464262
2.13, 163, 460, 0.05177343159088376, 62.507999999999996, -0.0007670138013464262
2.14, 163, 460, 0.05071878761403242, 62.507999999999996, -0.0006711370761781229
2.15, 164, 460, 0.04947239018684448, 62.507999999999996, -0.0004793836258415163
2.16, 164, 460, 0.048993006561002965, 62.507999999999996, -0.0004793836258415163
2.17, 165, 460, 0.04870537638549806, 62.507999999999996, -0.0003835069006732131
2.18, 166, 460, 0.04860949966032976, 62.507999999999996, -0.0003835069006732131
2.19, 166, 460, 0.04860949966032976, 62.507999999999996, -0.0003835069006732131
2.2, 167, 460, 0.048513622935161455, 62.507999999999996, -0.0003835069006732131
2.21, 168, 460, 0.048513622935161455, 62.507999999999996, -0.0002876301755049098
2.22, 168, 460, 0.04803423930931994, 62.507999999999996, -0.0002876301755049098
2.23, 169, 460, 0.047363102233141816, 62.507999999999996, -0.00019175345033660654
2.24, 169, 460, 0.047171348782805204, 62.507999999999996, -0.00019175345033660654
2.25, 170, 460, 0.04630845825629048, 62.507999999999996, -0.00019175345033660654
2.26, 171, 460, 0.046020828080785565, 62.507999999999996, -9.587672516830327e-05
2.27, 171, 460, 0.04621258153112218, 62.507999999999996, -9.587672516830327e-05
2.2800000000000002, 172, 460, 0.04592495135561726, 62.507999999999996, -9.587672516830327e-05
2.3, 173, 460, 0.04630845825629048, 62.507999999999996, -9.587672516830327e-05
2.33, 175, 460, 0.04630845825629048, 62.507999999999996, 0.0
2.34, 176, 460, 0.04630845825629048, 62.507999999999996, 0.0
2.35, 176, 460, 0.04650021170662708, 62.507999999999996, 0.0
2.36, 177, 460, 0.04582907463044896, 62.507999999999996, 0.0
2.37, 178, 461, 0.045541444454944055, 62.507999999999996, -0.0004793836258415163
2.38, 178, 461, 0.045349691004607444, 62.507999999999996, -0.0004793836258415163
2.39, 179, 461, 0.044870307378765927, 62.507999999999996, -0.0003835069006732131
2.4, 179, 461, 0.044870307378765927, 62.507999999999996, -0.0003835069006732131
2.41, 180, 461, 0.044870307378765927, 62.507999999999996, -0.0003835069006732131
2.42, 181, 461, 0.04458267720326101, 62.507999999999996, -0.0003835069006732131
2.43, 181, 461, 0.04458267720326101, 62.507999999999996, -0.0003835069006732131
2.44, 182, 461, 0.04448680047809272, 62.507999999999996, -0.0002876301755049098
2.45, 182, 461, 0.0441032935774195, 62.507999999999996, -0.0002876301755049098
2.46, 183, 461, 0.04391154012708289, 62.507999999999996, -0.0002876301755049098
2.4699999999999998, 184, 461, 0.04352803322640968, 62.507999999999996, -0.00019175345033660654
2.48, 184, 461, 0.04352803322640968, 62.507999999999996, -0.00019175345033660654
2.49, 185, 461, 0.04324040305090478, 62.507999999999996, -0.00019175345033660654
2.5, 186, 461, 0.04304864960056817, 62.507999999999996, -0.00019175345033660654
2.51, 186, 461, 0.04314452632573647, 62.507999999999996, -0.00019175345033660654
2.5300000000000002, 187, 461, 0.042473389249558346, 62.507999999999996, -9.587672516830327e-05
2.54, 188, 461, 0.04256926597472665, 62.507999999999996, -9.587672516830327e-05
2.55, 189, 461, 0.04228163579922174, 62.507999999999996, 0.0
2.56, 189, 461, 0.04228163579922174, 62.507999999999996, 0.0
2.57, 190, 461, 0.042473389249558346, 62.507999999999996, 0.0
2.58, 191, 461, 0.04228163579922174, 62.507999999999996, 0.0
2.59, 191, 461, 0.04228163579922174, 62.507999999999996, 0.0
2.6, 192, 461, 0.04228163579922174, 62.507999999999996, 0.0
2.61, 192, 461, 0.04208988234888513, 62.507999999999996, 0.0
2.62, 193, 461, 0.04208988234888513, 62.507999999999996, 0.0
2.63, 194, 461, 0.04208988234888513, 62.507999999999996, 0.0
2.64, 194, 461, 0.04218575907405344, 62.507999999999996, 0.0
2.65, 195, 461, 0.04218575907405344, 62.507999999999996, 0.0
2.66, 196, 461, 0.04228163579922174, 62.507999999999996, 0.0
2.68, 197, 461, 0.04180225217338022, 62.507999999999996, 0.0
2.69, 197, 461, 0.041610498723043614, 62.507999999999996, 0.0
2.7, 198, 461, 0.0409393616468655, 62.507999999999996, 0.0
2.71, 199, 461, 0.04045997802102398, 62.507999999999996, 9.587672516830327e-05
2.7199999999999998, 199, 461, 0.0409393616468655, 62.507999999999996, 0.0
2.73, 200, 461, 0.04151462199787532, 62.507999999999996, 0.0
2.74, 201, 461, 0.041994005623716836, 62.507999999999996, 0.0
2.75, 201, 462, 0.04276101942506326, 62.507999999999996, -0.0002876301755049098
2.76, 202, 462, 0.042952772875399864, 62.507999999999996, -0.0002876301755049098
2.77, 202, 462, 0.04256926597472665, 62.507999999999996, -0.0002876301755049098
2.7800000000000002, 203, 462, 0.04256926597472665, 62.507999999999996, -0.0002876301755049098
2.79, 204, 462, 0.04208988234888513, 62.507999999999996, -0.00019175345033660654
2.8, 204, 462, 0.041610498723043614, 62.507999999999996, -0.00019175345033660654
2.81, 205, 462, 0.041610498723043614, 62.507999999999996, -0.00019175345033660654
2.82, 206, 462, 0.04151462199787532, 62.507999999999996, -9.587672516830327e-05
2.84, 207, 462, 0.04132286854753871, 62.507999999999996, -9.587672516830327e-05
2.85, 207, 462, 0.04132286854753871, 62.507999999999996, -9.587672516830327e-05
2.86, 208, 462, 0.0411311150972021, 62.507999999999996, -9.587672516830327e-05
2.87, 209, 462, 0.04132286854753871, 62.507999999999996, -9.587672516830327e-05
2.88, 209, 462, 0.04132286854753871, 62.507999999999996, -9.587672516830327e-05
2.89, 210, 462, 0.041226991822370405, 62.507999999999996, -9.587672516830327e-05
2.9, 210, 462, 0.04141874527270701, 62.507999999999996, -9.587672516830327e-05
2.91, 211, 462, 0.04132286854753871, 62.507999999999996, -9.587672516830327e-05
2.92, 212, 462, 0.041226991822370405, 62.507999999999996, 0.0
2.93, 212, 462, 0.04132286854753871, 62.507999999999996, 0.0
2.94, 213, 462, 0.041035238372033794, 62.507999999999996, 0.0
2.95, 214, 462, 0.0409393616468655, 62.507999999999996, 0.0
2.96, 214, 462, 0.041035238372033794, 62.507999999999996, 0.0
2.9699999999999998, 215, 462, 0.04036410129585567, 62.507999999999996, 0.0
2.98, 215, 462, 0.04017234784551907, 62.507999999999996, 0.0
2.99, 216, 462, 0.04017234784551907, 62.507999999999996, 0.0
3.0, 217, 462, 0.040076471120350766, 62.507999999999996, 0.0
3.01, 217, 462, 0.04026822457068737, 62.507999999999996, 0.0
3.02, 218, 462, 0.04074760819652889, 62.507999999999996, 0.0
3.03, 219, 462, 0.04074760819652889, 62.507999999999996, 0.0
3.04, 219, 462, 0.04036410129585567, 62.507999999999996, 0.0
3.05, 220, 462, 0.04055585474619228, 62.507999999999996, 0.0
3.06, 220, 462, 0.04036410129585567, 62.507999999999996, 0.0
3.07, 221, 462, 0.04036410129585567, 62.507999999999996, 9.587672516830327e-05
3.08, 222, 462, 0.04055585474619228, 62.507999999999996, 9.587672516830327e-05
3.09, 222, 462, 0.04055585474619228, 62.507999999999996, 9.587672516830327e-05
3.1, 223, 462, 0.040651731471360586, 62.507999999999996, 9.587672516830327e-05
3.11, 224, 462, 0.04045997802102398, 62.507999999999996, 9.587672516830327e-05
3.12, 224, 462, 0.04055585474619228, 62.507999999999996, 9.587672516830327e-05
3.13, 225, 462, 0.04055585474619228, 62.507999999999996, 9.587672516830327e-05
3.14, 225, 462, 0.04036410129585567, 62.507999999999996, 9.587672516830327e-05
3.15, 226, 463, 0.04084348492169719, 62.507999999999996, -0.0002876301755049098
3.16, 227, 463, 0.04084348492169719, 62.507999999999996, -0.00019175345033660654
3.17, 227, 463, 0.04084348492169719, 62.507999999999996, -0.00019175345033660654
3.18, 228, 463, 0.041035238372033794, 62.507999999999996, -0.00019175345033660654
3.19, 229, 463, 0.04084348492169719, 62.507999999999996, -0.00019175345033660654
3.2, 229, 463, 0.04055585474619228, 62.507999999999996, -0.00019175345033660654
3.21, 230, 463, 0.040651731471360586, 62.507999999999996, -9.587672516830327e-05
3.22, 230, 463, 0.04045997802102398, 62.507999999999996, -9.587672516830327e-05
3.23, 231, 463, 0.04036410129585567, 62.507999999999996, -9.587672516830327e-05
3.24, 232, 463, 0.04055585474619228, 62.507999999999996, -9.587672516830327e-05
3.25, 232, 463, 0.04045997802102398, 62.507999999999996, -9.587672516830327e-05
3.26, 233, 463, 0.04045997802102398, 62.507999999999996, -9.587672516830327e-05
3.27, 233, 463, 0.04045997802102398, 62.507999999999996, -9.587672516830327e-05
3.2800000000000002, 234, 463, 0.04036410129585567, 62.507999999999996, -9.587672516830327e-05
3.29, 235, 463, 0.04036410129585567, 62.507999999999996, 0.0
3.3, 235, 463, 0.039980594395182464, 62.507999999999996, 0.0
3.31, 236, 463, 0.03978884094484585, 62.507999999999996, 0.0
3.32, 237, 463, 0.039405334044172645, 62.507999999999996, 0.0
3.33, 237, 463, 0.039405334044172645, 62.507999999999996, 0.0
3.34, 238, 463, 0.03969296421967755, 62.507999999999996, 0.0
3.35, 238, 463, 0.03978884094484585, 62.507999999999996, 0.0
3.37, 240, 463, 0.04017234784551907, 62.507999999999996, 0.0
3.38, 240, 463, 0.04017234784551907, 62.507999999999996, 0.0
3.39, 241, 463, 0.04017234784551907, 62.507999999999996, 0.0
3.4, 242, 463, 0.04017234784551907, 62.507999999999996, 0.0
3.41, 242, 463, 0.039980594395182464, 62.507999999999996, 0.0
3.42, 243, 463, 0.03969296421967755, 62.507999999999996, 0.0
3.43, 243, 463, 0.03969296421967755, 62.507999999999996, 0.0
3.44, 244, 463, 0.03969296421967755, 62.507999999999996, 0.0
3.45, 245, 463, 0.03969296421967755, 62.507999999999996, 9.587672516830327e-05
3.46, 245, 463, 0.040076471120350766, 62.507999999999996, 0.0
3.4699999999999998, 246, 463, 0.040076471120350766, 62.507999999999996, 9.587672516830327e-05
3.48, 247, 463, 0.040076471120350766, 62.507999999999996, 9.587672516830327e-05
3.49, 247, 463, 0.04036410129585567, 62.507999999999996, 9.587672516830327e-05
3.5, 248, 463, 0.04017234784551907, 62.507999999999996, 9.587672516830327e-05
3.51, 248, 463, 0.04017234784551907, 62.507999999999996, 9.587672516830327e-05
3.52, 249, 463, 0.04045997802102398, 62.507999999999996, 9.587672516830327e-05
3.5300000000000002, 250, 463, 0.04045997802102398, 62.507999999999996, 9.587672516830327e-05
3.55, 251, 464, 0.040651731471360586, 62.507999999999996, -0.00019175345033660654
3.56, 252, 464, 0.04074760819652889, 62.507999999999996, -0.00019175345033660654
3.57, 252, 464, 0.04074760819652889, 62.507999999999996, -0.00019175345033660654
3.58, 253, 464, 0.040651731471360586, 62.507999999999996, -0.00019175345033660654
3.59, 253, 464, 0.040651731471360586, 62.507999999999996, -0.00019175345033660654
3.6, 254, 464, 0.04055585474619228, 62.507999999999996, -0.00019175345033660654
3.61, 255, 464, 0.04026822457068737, 62.507999999999996, -9.587672516830327e-05
3.62, 255, 464, 0.04026822457068737, 62.507999999999996, -9.587672516830327e-05
3.63, 256, 464, 0.04017234784551907, 62.507999999999996, -9.587672516830327e-05
3.64, 257, 464, 0.040076471120350766, 62.507999999999996, -9.587672516830327e-05
3.65, 257, 464, 0.040076471120350766, 62.507999999999996, -9.587672516830327e-05
3.66, 258, 464, 0.039980594395182464, 62.507999999999996, -9.587672516830327e-05
3.67, 258, 464, 0.03988471767001416, 62.507999999999996, -9.587672516830327e-05
3.68, 259, 464, 0.03978884094484585, 62.507999999999996, 0.0
3.69, 260, 464, 0.039405334044172645, 62.507999999999996, 0.0
3.7, 260, 464, 0.039309457319004336, 62.507999999999996, 0.0
3.71, 261, 464, 0.03921358059383604, 62.507999999999996, 0.0
3.7199999999999998, 261, 464, 0.03911770386866773, 62.507999999999996, 0.0
3.73, 262, 464, 0.03959708749450925, 62.507999999999996, 0.0
3.74, 263, 464, 0.03959708749450925, 62.507999999999996, 0.0
3.75, 263, 464, 0.039405334044172645, 62.507999999999996, 0.0
3.76, 264, 464, 0.03959708749450925, 62.507999999999996, 0.0
3.77, 265, 464, 0.03911770386866773, 62.19546, 0.0
3.7800000000000002, 265, 464, 0.03902182714349943, 62.19546, 0.0
3.79, 266, 464, 0.03902182714349943, 59.695139999999995, 0.0
3.8, 266, 464, 0.03902182714349943, 59.695139999999995, 0.0
3.81, 267, 464, 0.03902182714349943, 57.19482, 0.0
3.82, 268, 464, 0.03902182714349943, 54.6945, 0.0
3.83, 268, 464, 0.03950121076934094, 54.6945, 0.0
3.84, 269, 464, 0.03978884094484585, 62.507999999999996, -0.09108288890988811
3.85, 269, 464, 0.039980594395182464, 62.507999999999996, -0.09108288890988811
3.86, 270, 464, 0.039309457319004336, 62.507999999999996, -0.09146639581056132
3.87, 270, 464, 0.036241402113618634, 62.507999999999996, -0.0912746423602247
3.88, 271, 464, 0.030392921878352137, 62.507999999999996, -0.12511912634463576
3.89, 271, 464, 0.021284632987363324, 62.507999999999996, -0.12454386599362594
3.9, 272, 464, 0.010162932867840146, 62.507999999999996, -0.12425623581812102
3.91, 272, 464, -0.0026845483047124915, 62.507999999999996, -0.1234892220167746
3.92, 272, 464, -0.017161933805126286, 62.507999999999996, -0.12243457803992326
3.93, 273, 464, -0.0323104563817182, 62.507999999999996, -0.12281808494059648
3.94, 273, 464, -0.04880125311066636, 62.507999999999996, -0.12176344096374514
3.95, 273, 464, -0.06720958434298059, 62.507999999999996, -0.1205170435365572
3.96, 274, 464, -0.08734369662832428, 62.507999999999996, -0.11975002973521079
3.98, 274, 464, -0.1412264161729107, 62.507999999999996, -0.11620259090398355
3.99, 274, 464, -0.16960592682272846, 62.507999999999996, -0.1142850564006175
4.0, 274, 464, -0.198848327999061, 62.507999999999996, -0.11236752189725142
4.01, 274, 464, -0.22358452309248322, 62.507999999999996, -0.11073761756939028
4.02, 274, 464, -0.2495671156130934, 62.507999999999996, -0.10901183651636082
4.03, 275, 464, -0.2768919822860598, 62.507999999999996, -0.10766956236400457
4.04, 275, 464, -0.305079739485541, 62.507999999999996, -0.10584790458580681
4.05, 275, 464, -0.33393863376120025, 62.507999999999996, -0.10393037008244073
4.06, 275, 464, -0.36212639096068144, 62.507999999999996, -0.10201283557907467
4.07, 275, 464, -0.3904100248853309, 62.507999999999996, -0.10019117780087691
4.08, 275, 464, -0.41850190535964377, 62.507999999999996, -0.09836952002267915
4.09, 275, 464, -0.4483195668869861, 62.507999999999996, -0.09635610879414479
4.1, 275, 464, -0.47900011894084316, 62.507999999999996, -0.09434269756561041
4.11, 275, 464, -0.5100641778953734, 62.507999999999996, -0.09232928633707604
4.12, 276, 464, -0.5398818394227157, 62.507999999999996, -0.09146639581056132
4.13, 276, 464, -0.5685489802480383, 62.507999999999996, -0.08954886130719525
4.14, 276, 464, -0.5963532305468463, 62.507999999999996, -0.08772720352899749
4.15, 276, 464, -0.6245409877463274, 62.507999999999996, -0.08590554575079973
4.16, 276, 464, -0.6535916354723234, 62.507999999999996, -0.08389213452226535
4.17, 276, 464, -0.6839845573506755, 62.507999999999996, -0.081878723293731
4.18, 277, 464, -0.7159115068317204, 62.507999999999996, -0.08024881896586984
4.19, 277, 464, -0.7469755657862508, 62.507999999999996, -0.07823540773733546
4.2, 277, 464, -0.7788066385421275, 62.507999999999996, -0.07612611978363279
4.21, 277, 464, -0.8108294647483407, 62.507999999999996, -0.07392095510476182
4.22, 277, 464, -0.8411265099015246, 62.507999999999996, -0.07200342060139575
4.23, 277, 464, -0.8717111852302133, 62.507999999999996, -0.06999000937286139
4.25, 277, 463, -0.9318258919107395, 62.507999999999996, -0.06586731019062435
4.26, 277, 463, -0.9632734577659429, 62.507999999999996, -0.06385389896208997
4.27, 277, 463, -0.9947210236211463, 62.507999999999996, -0.0617446110083873
4.28, 277, 463, -1.0258809593008449, 62.507999999999996, -0.05963532305468463
4.29, 277, 463, -1.0560821277288606, 62.507999999999996, -0.057621911826150264
4.3, 277, 463, -1.0858039125310344, 62.507999999999996, -0.0557043773227842
4.31, 277, 463, -1.1152380671577036, 62.507999999999996, -0.05378684281941813
4.32, 278, 463, -1.1446722217843728, 62.507999999999996, -0.05225281521672528
4.33, 278, 462, -1.1733393626096955, 62.507999999999996, -0.05043115743852752
4.34, 278, 462, -1.20133536635884, 62.507999999999996, -0.048417746209993145
4.35, 278, 462, -1.228851986482143, 62.507999999999996, -0.04659608843179539
4.36, 278, 461, -1.2560809764299412, 62.507999999999996, -0.044870307378765927
4.37, 278, 461, -1.2833099663777392, 62.507999999999996, -0.04304864960056817
4.38, 278, 461, -1.310059572699696, 62.507999999999996, -0.041226991822370405
4.39, 278, 460, -1.3370968091971573, 62.507999999999996, -0.03950121076934094
4.4, 278, 460, -1.3623123879164212, 62.507999999999996, -0.03777542971631148
4.41, 278, 460, -1.3882949804370313, 62.507999999999996, -0.03604964866328203
4.42, 278, 459, -1.412551791904612, 62.507999999999996, -0.034515621060589176
4.43, 279, 459, -1.4362333430211829, 62.507999999999996, -0.03365273053407445
4.44, 279, 458, -1.4597231406874172, 62.507999999999996, -0.032022826206213294
4.45, 279, 458, -1.481103650399949, 62.507999999999996, -0.03058467532868874
4.46, 279, 457, -1.5025800368376487, 62.507999999999996, -0.029146524451164193
4.47, 279, 457, -1.5233852861991706, 62.507999999999996, -0.027804250298807946
4.48, 279, 456, -1.544382289011029, 62.507999999999996, -0.026366099421283398
4.49, 279, 456, -1.5662421823494022, 62.507999999999996, -0.02492794854375885
4.5, 279, 455, -1.586759801535419, 62.507999999999996, -0.023585674391402602
4.51, 279, 455, -1.6065104069200895, 62.507999999999996, -0.02224340023904636
4.52, 279, 454, -1.6248228614272355, 62.507999999999996, -0.020997002811858418
4.53, 279, 454, -1.6409301512555103, 62.507999999999996, -0.019846482109838776
4.54, 279, 453, -1.6567498109082803, 62.507999999999996, -0.01888771485815574
4.55, 279, 452, -1.6714189498590308, 62.507999999999996, -0.017833070881304407
4.5600000000000005, 279, 452, -1.685704581909108, 62.507999999999996, -0.016874303629621373
4.57, 279, 451, -1.7003737208598584, 62.507999999999996, -0.015819659652770036
4.58, 279, 451, -1.7144675994595988, 62.507999999999996, -0.014956769126255308
4.59, 279, 450, -1.727698587532825, 62.507999999999996, -0.01409387859974058
4.6, 279, 450, -1.739779054904031, 62.507999999999996, -0.013326864798394154
4.61, 279, 449, -1.750804878298386, 62.507999999999996, -0.012559850997047728
4.62, 279, 449, -1.7616389482424042, 62.507999999999996, -0.011888713920869605
4.63, 279, 448, -1.7728565250870958, 62.507999999999996, -0.011025823394354876
4.64, 279, 448, -1.7838823484814506, 62.507999999999996, -0.010354686318176752
4.65, 279, 447, -1.795387555501647, 62.507999999999996, -0.009587672516830327
4.66, 279, 446, -1.8062216254456653, 62.507999999999996, -0.0088206587154839
4.67, 278, 446, -1.8161928048631688, 62.507999999999996, -0.007574261288295958
4.68, 278, 445, -1.8259722308303357, 62.507999999999996, -0.0069990009372861385
4.6899999999999995, 278, 445, -1.8346970128206512, 62.507999999999996, -0.006327863861108016
4.7, 278, 444, -1.8427506577347887, 62.507999999999996, -0.0058484802352664995
4.71, 278, 444, -1.849749658672075, 62.507999999999996, -0.005464973334593286
4.72, 278, 443, -1.855789892357678, 62.507999999999996, -0.005081466433920073
4.73, 278, 443, -1.8612548656922712, 62.507999999999996, -0.004602082808078557
4.74, 277, 442, -1.8664322088513596, 62.507999999999996, -0.0038350690067321305
4.75, 277, 442, -1.8717054287356163, 62.507999999999996, -0.003547438831227221
4.76, 277, 441, -1.8768827718947048, 62.507999999999996, -0.0030680552053857046
4.77, 277, 441, -1.881388977977615, 62.507999999999996, -0.002780425029880795
4.79, 276, 440, -1.8888673625407426, 62.507999999999996, -0.0019175345033660652
4.8, 276, 439, -1.8915519108454553, 62.507999999999996, -0.0017257810530294589
4.8100000000000005, 276, 438, -1.894332335875336, 62.507999999999996, -0.001438150877524549
4.82, 276, 438, -1.8969210074548801, 62.507999999999996, -0.0012463974271879426
4.83, 276, 437, -1.8991261721337511, 62.507999999999996, -0.0011505207020196392
4.84, 276, 437, -1.9015230902629587, 62.507999999999996, -0.0009587672516830326
4.86, 275, 436, -1.9043993920180078, 62.507999999999996, -0.0003835069006732131
4.87, 275, 435, -1.9056457894451957, 62.507999999999996, -0.0002876301755049098
4.88, 275, 435, -1.9071798170478886, 62.507999999999996, -0.00019175345033660654
4.9, 274, 434, -1.9106313791539475, 62.507999999999996, 0.0003835069006732131
4.91, 274, 433, -1.9115901464056304, 62.507999999999996, 0.0003835069006732131
4.92, 274, 432, -1.9119736533063036, 62.507999999999996, 0.0003835069006732131
4.93, 274, 432, -1.9122612834818087, 62.507999999999996, 0.0004793836258415163
4.9399999999999995, 274, 431, -1.9122612834818087, 62.507999999999996, 0.0004793836258415163
4.95, 273, 431, -1.9122612834818087, 62.507999999999996, 0.0009587672516830326
4.96, 273, 430, -1.9122612834818087, 62.507999999999996, 0.0009587672516830326
4.97, 273, 430, -1.912644790382482, 62.507999999999996, 0.0009587672516830326
4.98, 273, 429, -1.9134118041838282, 62.507999999999996, 0.0009587672516830326
4.99, 273, 428, -1.9137953110845014, 62.507999999999996, 0.0010546439768513358
5.0, 272, 428, -1.9138911878096698, 62.507999999999996, 0.001438150877524549
5.01, 272, 427, -1.9134118041838282, 62.507999999999996, 0.001438150877524549
5.02, 272, 427, -1.9130282972831552, 62.507999999999996, 0.001438150877524549
5.03, 272, 426, -1.912453036932145, 62.507999999999996, 0.0013422741523562457
5.04, 272, 426, -1.9116860231307988, 62.507999999999996, 0.0013422741523562457
5.05, 271, 425, -1.910823132604284, 62.507999999999996, 0.0017257810530294589
5.06, 271, 424, -1.910439625703611, 62.507999999999996, 0.0016299043278611557
5.07, 271, 424, -1.910439625703611, 62.507999999999996, 0.0016299043278611557
5.08, 271, 423, -1.910439625703611, 62.507999999999996, 0.0016299043278611557
5.09, 271, 423, -1.910439625703611, 62.507999999999996, 0.0016299043278611557
5.1, 270, 422, -1.9094808584519278, 62.507999999999996, 0.0020134112285343686
5.11, 270, 422, -1.908522091200245, 62.507999999999996, 0.0020134112285343686
5.12, 270, 421, -1.9078509541240667, 62.507999999999996, 0.0019175345033660652
5.13, 270, 420, -1.9070839403227202, 62.507999999999996, 0.0019175345033660652
5.14, 270, 420, -1.9064128032465422, 62.507999999999996, 0.001821657778197762
5.15, 269, 419, -1.9053581592696907, 62.507999999999996, 0.002205164678870975
5.16, 269, 419, -1.9034406247663247, 62.507999999999996, 0.0021092879537026716
5.17, 269, 418, -1.9018107204384636, 62.507999999999996, 0.0020134112285343686
5.18, 269, 417, -1.9000849393854342, 62.507999999999996, 0.0019175345033660652
5.19, 269, 417, -1.8991261721337511, 62.507999999999996, 0.001821657778197762
5.2, 268, 416, -1.8987426652330779, 62.507999999999996, 0.0023010414040392784
5.21, 268, 416, -1.8976880212562266, 62.507999999999996, 0.002205164678870975
5.22, 268, 415, -1.8963457471038703, 62.507999999999996, 0.0021092879537026716
5.23, 268, 415, -1.8949075962263457, 62.507999999999996, 0.0020134112285343686
5.24, 268, 414, -1.8931818151733164, 62.507999999999996, 0.0019175345033660652
5.25, 267, 413, -1.8920312944712965, 62.507999999999996, 0.0023010414040392784
5.26, 267, 413, -1.8916477875706235, 62.507999999999996, 0.0023010414040392784
5.27, 267, 412, -1.8910725272196136, 62.507999999999996, 0.002205164678870975
5.28, 267, 411, -1.8905931435937722, 62.507999999999996, 0.002205164678870975
5.29, 267, 411, -1.8895384996169207, 62.507999999999996, 0.0021092879537026716
5.3, 266, 410, -1.8878127185638913, 62.507999999999996, 0.002588671579544188
5.31, 266, 410, -1.8863745676863668, 62.507999999999996, 0.0023969181292075818
5.32, 266, 409, -1.8847446633585057, 62.507999999999996, 0.002205164678870975
5.33, 266, 409, -1.8831147590306445, 62.507999999999996, 0.0021092879537026716
5.34, 266, 408, -1.8814848547027834, 62.507999999999996, 0.001821657778197762
5.35, 265, 407, -1.8799508271000904, 62.507999999999996, 0.0021092879537026716
5.36, 265, 407, -1.8777456624212194, 62.507999999999996, 0.0019175345033660652
5.37, 265, 406, -1.8756363744675169, 62.507999999999996, 0.0016299043278611557
5.38, 265, 406, -1.8741023468648241, 62.507999999999996, 0.0015340276026928523
5.39, 265, 405, -1.8724724425369628, 62.507999999999996, 0.0012463974271879426
5.4, 265, 404, -1.871321921834943, 62.507999999999996, 0.0010546439768513358
5.41, 264, 404, -1.8710342916594382, 62.507999999999996, 0.0015340276026928523
5.42, 264, 403, -1.8705549080335968, 62.507999999999996, 0.0013422741523562457
5.43, 264, 403, -1.8701714011329236, 62.507999999999996, 0.0013422741523562457
5.44, 264, 402, -1.8699796476825867, 62.507999999999996, 0.0011505207020196392
5.45, 264, 401, -1.8692126338812405, 62.507999999999996, 0.0009587672516830326
5.46, 263, 401, -1.8682538666295576, 62.507999999999996, 0.001438150877524549
5.47, 263, 400, -1.866528085576528, 62.507999999999996, 0.0011505207020196392
5.48, 263, 400, -1.864898181248667, 62.507999999999996, 0.0010546439768513358
5.49, 263, 399, -1.8635559070963106, 62.507999999999996, 0.0008628905265147294
5.5, 263, 399, -1.8625971398446275, 62.507999999999996, 0.0007670138013464262
5.51, 263, 398, -1.862117756218786, 62.507999999999996, 0.0005752603510098196
5.52, 262, 397, -1.861830126043281, 62.507999999999996, 0.0009587672516830326
5.53, 262, 397, -1.861830126043281, 62.507999999999996, 0.0009587672516830326
5.54, 262, 396, -1.8616383725929444, 62.507999999999996, 0.0007670138013464262
5.55, 262, 395, -1.8616383725929444, 62.507999999999996, 0.0006711370761781229
5.5600000000000005, 262, 395, -1.8615424958677762, 62.507999999999996, 0.0006711370761781229
5.57, 261, 394, -1.8612548656922712, 62.507999999999996, 0.0008628905265147294
5.58, 261, 394, -1.860871358791598, 62.507999999999996, 0.0008628905265147294
5.6, 261, 393, -1.8590497010134004, 62.507999999999996, 0.0006711370761781229
5.61, 261, 392, -1.857707426861044, 62.507999999999996, 0.0004793836258415163
5.62, 261, 391, -1.8565569061590246, 62.507999999999996, 0.00019175345033660654
5.63, 260, 391, -1.856077522533183, 62.507999999999996, 0.0006711370761781229
5.64, 260, 390, -1.8556940156325097, 62.507999999999996, 0.0005752603510098196
5.65, 260, 390, -1.8558857690828463, 62.507999999999996, 0.0005752603510098196
5.66, 260, 389, -1.856077522533183, 62.507999999999996, 0.0004793836258415163
5.67, 260, 388, -1.8558857690828463, 62.507999999999996, 0.0002876301755049098
5.68, 260, 388, -1.855502262182173, 62.507999999999996, 0.0002876301755049098
5.6899999999999995, 259, 387, -1.8544476182053218, 62.507999999999996, 0.0004793836258415163
5.7, 259, 387, -1.8534888509536387, 62.507999999999996, 0.0004793836258415163
5.71, 259, 386, -1.8525300837019556, 62.507999999999996, 0.0002876301755049098
5.72, 259, 385, -1.8522424535264508, 62.507999999999996, 0.00019175345033660654
5.73, 259, 385, -1.8522424535264508, 62.507999999999996, 0.00019175345033660654
5.74, 258, 384, -1.8522424535264508, 62.507999999999996, 0.0004793836258415163
5.75, 258, 384, -1.8523383302516192, 62.507999999999996, 0.0004793836258415163
5.76, 258, 383, -1.8525300837019556, 62.507999999999996, 0.0003835069006732131
5.77, 258, 382, -1.8523383302516192, 62.507999999999996, 0.00019175345033660654
5.78, 258, 382, -1.8520507000761144, 62.507999999999996, 0.00019175345033660654
5.79, 258, 381, -1.8517630699006091, 62.507999999999996, 9.587672516830327e-05
5.8, 257, 381, -1.851667193175441, 62.507999999999996, 0.0004793836258415163
5.8100000000000005, 257, 380, -1.8514754397251043, 62.507999999999996, 0.0002876301755049098
5.82, 257, 379, -1.8515713164502727, 62.507999999999996, 0.0002876301755049098
5.83, 257, 379, -1.8515713164502727, 62.507999999999996, 0.0002876301755049098
5.84, 257, 378, -1.8511878095495995, 62.507999999999996, 9.587672516830327e-05
5.85, 257, 378, -1.8508043026489263, 62.507999999999996, 9.587672516830327e-05
5.86, 256, 377, -1.8502290422979164, 62.507999999999996, 0.0003835069006732131
5.87, 256, 376, -1.8498455353972432, 62.507999999999996, 0.0002876301755049098
5.88, 256, 376, -1.8495579052217384, 62.507999999999996, 0.00019175345033660654
5.89, 256, 375, -1.8496537819469066, 62.507999999999996, 9.587672516830327e-05
5.9, 256, 375, -1.8496537819469066, 62.507999999999996, 9.587672516830327e-05
5.91, 256, 374, -1.8492702750462333, 62.507999999999996, 0.0
5.92, 255, 373, -1.8486950146952237, 62.507999999999996, 0.00019175345033660654
5.93, 255, 373, -1.8485991379700553, 62.507999999999996, 0.00019175345033660654
5.9399999999999995, 255, 372, -1.8481197543442138, 62.507999999999996, 9.587672516830327e-05
5.95, 255, 372, -1.8486950146952237, 62.507999999999996, 9.587672516830327e-05
5.96, 255, 371, -1.8492702750462333, 62.507999999999996, 0.0
5.97, 255, 370, -1.8492702750462333, 62.507999999999996, 0.0
5.98, 254, 370, -1.8493661517714017, 62.507999999999996, 0.0003835069006732131
5.99, 254, 369, -1.8493661517714017, 62.507999999999996, 0.00019175345033660654
6.0, 254, 369, -1.8489826448707285, 62.507999999999996, 0.00019175345033660654
6.01, 254, 368, -1.84888676814556, 62.507999999999996, 0.0
6.02, 254, 367, -1.8487908914203919, 62.507999999999996, 0.0
6.03, 254, 367, -1.8484073845197186, 62.507999999999996, 0.0
6.04, 253, 366, -1.848215631069382, 62.507999999999996, 0.00019175345033660654
6.05, 253, 366, -1.848215631069382, 62.507999999999996, 0.00019175345033660654
6.06, 253, 365, -1.848215631069382, 62.507999999999996, 9.587672516830327e-05
6.07, 253, 364, -1.8477362474435406, 62.507999999999996, 0.0
6.08, 253, 364, -1.8480238776190454, 62.507999999999996, 0.0
6.09, 253, 363, -1.8480238776190454, 62.507999999999996, 0.0
6.1, 252, 363, -1.847832124168709, 62.507999999999996, 0.0002876301755049098
6.11, 252, 362, -1.847928000893877, 62.507999999999996, 9.587672516830327e-05
6.12, 252, 361, -1.847832124168709, 62.507999999999996, 0.0
6.13, 252, 361, -1.847832124168709, 62.507999999999996, 0.0
6.14, 252, 360, -1.8477362474435406, 62.507999999999996, 0.0
6.15, 251, 360, -1.8481197543442138, 62.507999999999996, 0.0003835069006732131
6.16, 251, 359, -1.8481197543442138, 62.507999999999996, 0.0002876301755049098
6.17, 251, 359, -1.8481197543442138, 62.507999999999996, 0.0002876301755049098
6.18, 251, 358, -1.8484073845197186, 62.507999999999996, 9.587672516830327e-05
6.19, 251, 357, -1.8481197543442138, 62.507999999999996, 0.0
6.2, 251, 357, -1.8476403707183722, 62.507999999999996, 0.0
6.21, 250, 356, -1.846681603466689, 62.507999999999996, 0.00019175345033660654
6.22, 250, 355, -1.846010466390511, 62.507999999999996, 9.587672516830327e-05
6.23, 250, 355, -1.8455310827646696, 62.507999999999996, 9.587672516830327e-05
6.24, 250, 354, -1.8458187129401746, 62.507999999999996, 0.0
6.25, 250, 354, -1.8462022198408479, 62.507999999999996, 0.0
6.26, 250, 353, -1.8464898500163527, 62.507999999999996, 0.0
6.27, 249, 352, -1.8467774801918575, 62.507999999999996, 0.00019175345033660654
6.28, 249, 352, -1.8465857267415209, 62.507999999999996, 0.00019175345033660654
6.3, 249, 351, -1.8463939732911843, 62.507999999999996, 9.587672516830327e-05
6.31, 249, 350, -1.8467774801918575, 62.507999999999996, 0.0
6.32, 249, 350, -1.8467774801918575, 62.507999999999996, 0.0
6.33, 248, 349, -1.8467774801918575, 62.507999999999996, 0.0002876301755049098
6.34, 248, 348, -1.846873356917026, 62.507999999999996, 9.587672516830327e-05
6.35, 248, 348, -1.8462022198408479, 62.507999999999996, 9.587672516830327e-05
6.36, 248, 347, -1.846010466390511, 62.507999999999996, 0.0
6.37, 248, 346, -1.846010466390511, 62.507999999999996, 0.0
6.38, 248, 346, -1.8457228362150062, 62.507999999999996, 0.0
6.39, 247, 345, -1.8454352060395012, 62.507999999999996, 0.00019175345033660654
6.4, 247, 345, -1.8456269594898378, 62.507999999999996, 0.00019175345033660654
6.41, 247, 344, -1.845339329314333, 62.507999999999996, 0.0
6.42, 247, 343, -1.8452434525891648, 62.507999999999996, 0.0
6.43, 247, 343, -1.8455310827646696, 62.507999999999996, 0.0
6.44, 247, 342, -1.845339329314333, 62.507999999999996, -9.587672516830327e-05
6.45, 246, 342, -1.8452434525891648, 62.507999999999996, 0.00019175345033660654
6.46, 246, 341, -1.8454352060395012, 62.507999999999996, 9.587672516830327e-05
6.47, 246, 341, -1.845339329314333, 62.507999999999996, 9.587672516830327e-05
6.48, 246, 340, -1.8452434525891648, 62.507999999999996, 0.0
6.49, 246, 339, -1.8451475758639964, 62.507999999999996, 0.0
6.5, 246, 339, -1.8452434525891648, 62.507999999999996, 0.0
6.51, 245, 338, -1.8449558224136597, 62.507999999999996, 0.00019175345033660654
6.52, 245, 337, -1.8447640689633231, 62.507999999999996, 0.0
6.53, 245, 337, -1.8449558224136597, 62.507999999999996, 0.0
6.55, 245, 336, -1.8447640689633231, 62.507999999999996, 0.0
6.57, 244, 335, -1.8451475758639964, 62.507999999999996, 0.00019175345033660654
6.58, 244, 334, -1.845051699138828, 62.507999999999996, 9.587672516830327e-05
6.59, 244, 333, -1.845051699138828, 62.507999999999996, 0.0
6.6, 244, 333, -1.8448599456884915, 62.507999999999996, 0.0
6.61, 244, 332, -1.8444764387878183, 62.507999999999996, 0.0
6.62, 244, 332, -1.8444764387878183, 62.507999999999996, 0.0
6.63, 243, 331, -1.8442846853374815, 62.507999999999996, 9.587672516830327e-05
6.64, 243, 330, -1.8442846853374815, 62.507999999999996, 0.0
6.65, 243, 330, -1.8441888086123133, 62.507999999999996, 0.0
6.66, 243, 329, -1.8441888086123133, 62.507999999999996, 0.0
6.67, 243, 328, -1.8442846853374815, 62.507999999999996, -9.587672516830327e-05
6.6899999999999995, 242, 327, -1.8439970551619767, 62.507999999999996, 9.587672516830327e-05
6.7, 242, 327, -1.8442846853374815, 62.507999999999996, 9.587672516830327e-05
6.71, 242, 326, -1.8439970551619767, 62.507999999999996, 0.0
6.72, 242, 325, -1.844092931887145, 62.507999999999996, -9.587672516830327e-05
6.73, 242, 325, -1.8443805620626499, 62.507999999999996, 0.0
6.74, 242, 324, -1.844092931887145, 62.507999999999996, -0.00019175345033660654
6.75, 241, 324, -1.8443805620626499, 62.507999999999996, 0.00019175345033660654
6.76, 241, 323, -1.8446681922381547, 62.507999999999996, 0.0
6.77, 241, 323, -1.8445723155129867, 62.507999999999996, 0.0
6.78, 241, 322, -1.8445723155129867, 62.507999999999996, 0.0
6.79, 241, 321, -1.8443805620626499, 62.507999999999996, -9.587672516830327e-05
6.8, 241, 321, -1.8441888086123133, 62.507999999999996, -9.587672516830327e-05
6.8100000000000005, 240, 320, -1.84380530171164, 62.507999999999996, 9.587672516830327e-05
6.82, 240, 320, -1.8442846853374815, 62.507999999999996, 9.587672516830327e-05
6.83, 240, 319, -1.8445723155129867, 62.507999999999996, 0.0
6.84, 240, 318, -1.8445723155129867, 62.507999999999996, 0.0
6.85, 240, 318, -1.8448599456884915, 62.507999999999996, 0.0
6.86, 240, 317, -1.8446681922381547, 62.507999999999996, -9.587672516830327e-05
6.87, 239, 317, -1.8441888086123133, 62.507999999999996, 0.00019175345033660654
6.88, 239, 316, -1.84380530171164, 62.507999999999996, 9.587672516830327e-05
6.89, 239, 315, -1.844092931887145, 62.507999999999996, 0.0
6.9, 239, 315, -1.844092931887145, 62.507999999999996, 0.0
6.91, 239, 314, -1.844092931887145, 62.507999999999996, -9.587672516830327e-05
6.92, 239, 314, -1.8445723155129867, 62.507999999999996, -9.587672516830327e-05
6.9399999999999995, 238, 312, -1.8439970551619767, 62.507999999999996, 0.0
6.95, 238, 312, -1.8441888086123133, 62.507999999999996, 0.0
6.96, 238, 311, -1.84380530171164, 62.507999999999996, 0.0
6.97, 238, 311, -1.8441888086123133, 62.507999999999996, 0.0
6.98, 238, 310, -1.8441888086123133, 62.507999999999996, -9.587672516830327e-05
6.99, 237, 309, -1.844092931887145, 62.507999999999996, 9.587672516830327e-05
7.0, 237, 309, -1.844092931887145, 62.507999999999996, 9.587672516830327e-05
7.01, 237, 308, -1.8439970551619767, 62.19546, 0.0
7.02, 237, 308, -1.8441888086123133, 62.19546, 0.0
7.03, 237, 307, -1.8441888086123133, 62.19546, -9.587672516830327e-05
7.04, 237, 306, -1.8444764387878183, 59.3826, -0.00019175345033660654
7.05, 236, 306, -1.8444764387878183, 62.507999999999996, -0.013806248424235671
7.06, 236, 305, -1.8439970551619767, 62.507999999999996, -0.013902125149403973
7.07, 236, 305, -1.8443805620626499, 62.507999999999996, -0.013806248424235671
7.08, 236, 304, -1.845339329314333, 62.507999999999996, -0.013806248424235671
7.09, 236, 303, -1.847928000893877, 62.507999999999996, -0.013614494973899065
7.1, 235, 303, -1.8524342069767874, 62.507999999999996, -0.012847481172552638
7.11, 235, 302, -1.857707426861044, 62.507999999999996, -0.01236809754671112
7.12, 235, 301, -1.8645146743479937, 62.507999999999996, -0.011984590646037907
7.13, 235, 301, -1.8717054287356163, 62.507999999999996, -0.011409330295028088
7.14, 235, 300, -1.8796631969245854, 62.507999999999996, -0.010929946669186572
7.15, 235, 300, -1.8876209651135547, 62.507999999999996, -0.010354686318176752
7.16, 234, 299, -1.8951952264018508, 62.507999999999996, -0.009300042341325417
7.17, 234, 298, -1.9036323782166615, 62.507999999999996, -0.008724781990315598
7.18, 234, 298, -1.9113025162301256, 62.507999999999996, -0.008149521639305778
7.19, 234, 297, -1.9189726542435899, 62.507999999999996, -0.007574261288295958
7.2, 234, 297, -1.926259285356381, 62.507999999999996, -0.007190754387622745
7.21, 233, 296, -1.9327789026678255, 62.507999999999996, -0.006327863861108016
7.22, 233, 296, -1.9392026432541019, 62.507999999999996, -0.0058484802352664995
7.23, 233, 295, -1.9447634933138636, 62.507999999999996, -0.005464973334593286
7.24, 233, 294, -1.9500367131981202, 62.507999999999996, -0.005081466433920073
7.25, 232, 294, -1.9549264261817036, 62.507999999999996, -0.004314452632573647
7.26, 232, 293, -1.9587614951884358, 62.507999999999996, -0.004026822457068737
7.28, 232, 292, -1.9658563728508902, 62.507999999999996, -0.003547438831227221
7.29, 232, 292, -1.968349167705266, 62.507999999999996, -0.0034515621060589178
7.3, 231, 291, -1.9711295927351469, 62.507999999999996, -0.002780425029880795
7.31, 231, 291, -1.9743894013908692, 62.507999999999996, -0.002588671579544188
7.32, 231, 290, -1.9777450867717596, 62.507999999999996, -0.0023969181292075818
7.33, 231, 289, -1.981292525602987, 62.507999999999996, -0.002205164678870975
7.34, 230, 289, -1.9847440877090459, 62.507999999999996, -0.001438150877524549
7.35, 230, 288, -1.98733275928859, 62.507999999999996, -0.0012463974271879426
7.36, 230, 288, -1.9900173075933025, 62.507999999999996, -0.0010546439768513358
7.37, 230, 287, -1.9918389653715003, 62.507999999999996, -0.0008628905265147294
7.38, 229, 287, -1.9928936093483518, 62.507999999999996, -0.0003835069006732131
7.39, 229, 286, -1.9935647464245299, 62.507999999999996, -0.0002876301755049098
7.4, 229, 285, -1.9940441300503713, 62.507999999999996, -0.0002876301755049098
7.41, 229, 285, -1.9944276369510445, 62.507999999999996, -0.0002876301755049098
7.42, 228, 284, -1.994907020576886, 62.507999999999996, 9.587672516830327e-05
7.43, 228, 284, -1.9953864042027276, 62.507999999999996, 0.00019175345033660654
7.44, 228, 283, -1.9956740343782324, 62.507999999999996, 0.00019175345033660654
7.46, 227, 282, -1.9972080619809252, 62.507999999999996, 0.0006711370761781229
7.47, 227, 282, -1.9976874456067668, 62.507999999999996, 0.0007670138013464262
7.48, 227, 281, -1.99807095250744, 62.507999999999996, 0.0007670138013464262
7.49, 227, 280, -1.9976874456067668, 62.507999999999996, 0.0007670138013464262
7.5, 226, 280, -1.997399815431262, 62.507999999999996, 0.0010546439768513358
7.51, 226, 279, -1.9971121852557572, 62.507999999999996, 0.0010546439768513358
7.52, 226, 279, -1.9970163085305888, 62.507999999999996, 0.0010546439768513358
7.53, 225, 278, -1.9969204318054203, 62.507999999999996, 0.0015340276026928523
7.54, 225, 278, -1.996824555080252, 62.507999999999996, 0.0015340276026928523
7.55, 225, 277, -1.9963451714544107, 62.507999999999996, 0.0015340276026928523
7.5600000000000005, 225, 276, -1.995482280927896, 62.507999999999996, 0.001438150877524549
7.57, 224, 276, -1.9948111438517178, 62.507999999999996, 0.001821657778197762
7.58, 224, 275, -1.9940441300503713, 62.507999999999996, 0.0017257810530294589
7.59, 224, 275, -1.9937564998748665, 62.507999999999996, 0.0017257810530294589
7.6, 224, 274, -1.9930853627986882, 62.507999999999996, 0.0017257810530294589
7.61, 223, 274, -1.992701855898015, 62.507999999999996, 0.0021092879537026716
7.62, 223, 273, -1.9921265955470053, 62.507999999999996, 0.0021092879537026716
7.63, 223, 272, -1.9913595817456589, 62.507999999999996, 0.0020134112285343686
7.64, 223, 272, -1.9904966912191442, 62.507999999999996, 0.0020134112285343686
7.65, 222, 271, -1.988579156715778, 62.507999999999996, 0.0023010414040392784
7.66, 222, 271, -1.9864698687620752, 62.507999999999996, 0.0021092879537026716
7.67, 222, 270, -1.9846482109838777, 62.507999999999996, 0.0020134112285343686
7.68, 222, 270, -1.9831141833811847, 62.507999999999996, 0.0019175345033660652
7.6899999999999995, 221, 269, -1.9820595394043334, 62.507999999999996, 0.0023010414040392784
7.7, 221, 269, -1.9814842790533236, 62.507999999999996, 0.0023010414040392784
7.71, 221, 268, -1.9805255118016407, 62.507999999999996, 0.002205164678870975
7.72, 221, 267, -1.9793749910996208, 62.507999999999996, 0.002205164678870975
7.73, 220, 267, -1.9785121005731061, 62.507999999999996, 0.002492794854375885
7.75, 220, 266, -1.9766904427949086, 62.507999999999996, 0.0023969181292075818
7.76, 220, 265, -1.9748687850167106, 62.507999999999996, 0.0023010414040392784
7.77, 219, 265, -1.9724718668875032, 62.507999999999996, 0.002492794854375885
7.78, 219, 264, -1.9697873185827905, 62.507999999999996, 0.0023969181292075818
7.8, 219, 263, -1.9666233866522367, 62.507999999999996, 0.0020134112285343686
7.8100000000000005, 218, 262, -1.9665275099270683, 62.507999999999996, 0.0023010414040392784
7.82, 218, 262, -1.9662398797515634, 62.507999999999996, 0.0023010414040392784
7.83, 218, 261, -1.9656646194005536, 62.507999999999996, 0.0019175345033660652
7.84, 218, 260, -1.9646099754237023, 62.507999999999996, 0.0017257810530294589
7.85, 218, 260, -1.9627883176455043, 62.507999999999996, 0.0016299043278611557
7.87, 217, 259, -1.9592408788142772, 62.507999999999996, 0.0016299043278611557
7.88, 217, 258, -1.9579944813870893, 62.507999999999996, 0.001438150877524549
7.89, 217, 258, -1.9569398374102378, 62.507999999999996, 0.0013422741523562457
7.9, 216, 257, -1.9563645770592282, 62.507999999999996, 0.0016299043278611557
7.91, 216, 256, -1.9551181796320403, 62.507999999999996, 0.0013422741523562457
7.92, 216, 256, -1.9535841520293473, 62.507999999999996, 0.0012463974271879426
7.93, 216, 255, -1.9519542477014862, 62.507999999999996, 0.0008628905265147294
7.9399999999999995, 215, 255, -1.9502284666484566, 62.507999999999996, 0.0012463974271879426
7.95, 215, 254, -1.9493655761219422, 62.507999999999996, 0.0010546439768513358
7.96, 215, 254, -1.9485026855954273, 62.507999999999996, 0.0009587672516830326
7.97, 215, 253, -1.9480233019695858, 62.507999999999996, 0.0007670138013464262
7.98, 215, 252, -1.9477356717940808, 62.507999999999996, 0.0005752603510098196
7.99, 214, 252, -1.9472562881682394, 62.507999999999996, 0.0010546439768513358
8.0, 214, 251, -1.9472562881682394, 62.507999999999996, 0.0008628905265147294
8.01, 214, 251, -1.9470645347179028, 62.507999999999996, 0.0008628905265147294
8.02, 214, 250, -1.9468727812675661, 62.507999999999996, 0.0006711370761781229
8.03, 213, 249, -1.9463933976417247, 62.507999999999996, 0.0008628905265147294
8.04, 213, 249, -1.94553050711521, 62.507999999999996, 0.0008628905265147294
8.05, 213, 248, -1.9443799864131903, 62.507999999999996, 0.0005752603510098196
8.06, 213, 248, -1.9431335889860024, 62.507999999999996, 0.0004793836258415163
8.07, 213, 247, -1.9423665751846557, 62.507999999999996, 0.0002876301755049098
8.08, 212, 247, -1.9413119312078047, 62.507999999999996, 0.0006711370761781229
8.09, 212, 246, -1.941503684658141, 62.507999999999996, 0.0005752603510098196
8.1, 212, 246, -1.9416954381084777, 62.507999999999996, 0.0005752603510098196
8.11, 212, 245, -1.9416954381084777, 62.507999999999996, 0.0003835069006732131
8.13, 211, 244, -1.9410243010322996, 62.507999999999996, 0.0006711370761781229
8.14, 211, 243, -1.940161410505785, 62.507999999999996, 0.0003835069006732131
8.15, 211, 243, -1.9399696570554483, 62.507999999999996, 0.0003835069006732131
8.16, 210, 242, -1.9394902734296067, 62.507999999999996, 0.0006711370761781229
8.18, 210, 241, -1.9390108898037652, 62.507999999999996, 0.0004793836258415163
8.19, 210, 240, -1.937956245826914, 62.507999999999996, 0.00019175345033660654
8.2, 210, 240, -1.937380985475904, 62.507999999999996, 0.00019175345033660654
8.21, 209, 239, -1.9369016018500627, 62.507999999999996, 0.0004793836258415163
8.22, 209, 238, -1.9366139716745576, 62.507999999999996, 0.00019175345033660654
8.24, 209, 237, -1.936134588048716, 62.507999999999996, 0.0
8.25, 208, 237, -1.9362304647738844, 62.507999999999996, 0.0004793836258415163
8.26, 208, 236, -1.9358469578732111, 62.507999999999996, 0.0002876301755049098
8.27, 208, 236, -1.936038711323548, 62.507999999999996, 0.0002876301755049098
8.28, 208, 235, -1.9353675742473697, 62.507999999999996, 9.587672516830327e-05
8.29, 208, 235, -1.934888190621528, 62.507999999999996, 9.587672516830327e-05
8.3, 207, 234, -1.9346005604460232, 62.507999999999996, 0.0003835069006732131
8.31, 207, 233, -1.93421705354535, 62.507999999999996, 9.587672516830327e-05
8.32, 207, 233, -1.9341211768201818, 62.507999999999996, 9.587672516830327e-05
8.33, 207, 232, -1.9340253000950134, 62.507999999999996, 0.0
8.34, 206, 232, -1.9340253000950134, 62.507999999999996, 0.0003835069006732131
8.35, 206, 231, -1.933833546644677, 62.507999999999996, 0.0002876301755049098
8.36, 206, 230, -1.933833546644677, 62.507999999999996, 9.587672516830327e-05
8.37, 206, 230, -1.9339294233698452, 62.507999999999996, 9.587672516830327e-05
8.38, 206, 229, -1.9334500397440038, 62.507999999999996, 0.0
8.39, 205, 229, -1.9334500397440038, 62.507999999999996, 0.0002876301755049098
8.4, 205, 228, -1.9333541630188353, 62.507999999999996, 0.00019175345033660654
8.41, 205, 227, -1.9325871492174889, 62.507999999999996, 0.0
8.42, 205, 227, -1.9325871492174889, 62.507999999999996, 0.0
8.43, 204, 226, -1.9324912724923207, 62.507999999999996, 0.00019175345033660654
8.44, 204, 226, -1.9324912724923207, 62.507999999999996, 0.00019175345033660654
8.45, 204, 225, -1.932970656118162, 62.507999999999996, 9.587672516830327e-05
8.46, 204, 225, -1.932970656118162, 62.507999999999996, 9.587672516830327e-05
8.47, 204, 224, -1.932970656118162, 62.507999999999996, 0.0
8.48, 203, 223, -1.9327789026678255, 62.507999999999996, 0.00019175345033660654
8.49, 203, 223, -1.932874779392994, 62.507999999999996, 0.00019175345033660654
8.5, 203, 222, -1.932874779392994, 62.507999999999996, 0.0
8.51, 203, 222, -1.9326830259426573, 62.507999999999996, 0.0
8.52, 203, 221, -1.9326830259426573, 62.507999999999996, 0.0
8.53, 202, 221, -1.9318201354161426, 62.507999999999996, 0.00019175345033660654
8.54, 202, 220, -1.9318201354161426, 62.507999999999996, 9.587672516830327e-05
8.55, 202, 219, -1.9319160121413108, 62.507999999999996, 0.0
8.56, 202, 219, -1.9317242586909742, 62.507999999999996, 0.0
8.57, 201, 218, -1.9322036423168159, 62.507999999999996, 0.00019175345033660654
8.58, 201, 218, -1.932299519041984, 62.507999999999996, 0.00019175345033660654
8.59, 201, 217, -1.9323953957671522, 62.507999999999996, 0.0
8.6, 201, 216, -1.932299519041984, 62.507999999999996, 0.0
8.61, 201, 216, -1.9321077655916474, 62.507999999999996, 0.0
8.62, 200, 215, -1.9315325052406376, 62.507999999999996, 9.587672516830327e-05
8.64, 200, 214, -1.9315325052406376, 62.507999999999996, 0.0
8.65, 200, 214, -1.9315325052406376, 62.507999999999996, 0.0
8.66, 199, 213, -1.9319160121413108, 62.507999999999996, 0.0002876301755049098
8.67, 199, 212, -1.9319160121413108, 62.507999999999996, 9.587672516830327e-05
8.68, 199, 212, -1.932011888866479, 62.507999999999996, 9.587672516830327e-05
8.69, 199, 211, -1.932011888866479, 62.507999999999996, 0.0
8.7, 199, 211, -1.9319160121413108, 62.507999999999996, 0.0
8.71, 198, 210, -1.9321077655916474, 62.507999999999996, 0.00019175345033660654
8.72, 198, 209, -1.932299519041984, 62.507999999999996, 0.0
8.73, 198, 209, -1.932299519041984, 62.507999999999996, 0.0
8.74, 198, 208, -1.932299519041984, 62.507999999999996, 0.0
8.75, 197, 208, -1.9318201354161426, 62.507999999999996, 0.0002876301755049098
8.77, 197, 207, -1.9308613681644595, 62.507999999999996, 9.587672516830327e-05
8.78, 197, 206, -1.9306696147141227, 62.507999999999996, 0.0
8.8, 196, 205, -1.9302861078134497, 62.507999999999996, 0.00019175345033660654
8.81, 196, 204, -1.9303819845386179, 62.507999999999996, 0.0
8.82, 196, 204, -1.9304778612637863, 62.507999999999996, 0.0
8.83, 196, 203, -1.9299984776379446, 62.507999999999996, -9.587672516830327e-05
8.84, 195, 202, -1.9302861078134497, 62.507999999999996, 9.587672516830327e-05
8.85, 195, 202, -1.9304778612637863, 62.507999999999996, 9.587672516830327e-05
8.86, 195, 201, -1.9302861078134497, 62.507999999999996, 0.0
8.87, 195, 201, -1.9306696147141227, 62.507999999999996, 0.0
8.88, 195, 200, -1.9306696147141227, 62.507999999999996, -9.587672516830327e-05
8.89, 194, 199, -1.9305737379889547, 62.507999999999996, 9.587672516830327e-05
8.9, 194, 199, -1.9303819845386179, 62.507999999999996, 9.587672516830327e-05
8.91, 194, 198, -1.930094354363113, 62.507999999999996, 0.0
8.92, 194, 198, -1.9298067241876082, 62.507999999999996, 0.0
8.93, 194, 197, -1.9298067241876082, 62.507999999999996, -0.00019175345033660654
8.94, 193, 197, -1.9299984776379446, 62.507999999999996, 0.00019175345033660654
8.95, 193, 196, -1.930094354363113, 62.507999999999996, 0.0
8.96, 193, 195, -1.9302861078134497, 62.507999999999996, 0.0
8.97, 193, 195, -1.9303819845386179, 62.507999999999996, 0.0
8.98, 192, 194, -1.9303819845386179, 62.507999999999996, 9.587672516830327e-05
8.99, 192, 194, -1.9301902310882815, 62.507999999999996, 9.587672516830327e-05
9.0, 192, 193, -1.9302861078134497, 62.507999999999996, 0.0
9.01, 192, 193, -1.9301902310882815, 62.507999999999996, 0.0
9.02, 192, 192, -1.9299026009127764, 62.507999999999996, -9.587672516830327e-05
9.03, 191, 191, -1.930094354363113, 62.507999999999996, 0.0
9.04, 191, 191, -1.9298067241876082, 62.507999999999996, 0.0
9.05, 191, 190, -1.9295190940121032, 62.507999999999996, 0.0
9.06, 191, 190, -1.9299026009127764, 62.507999999999996, 0.0
9.07, 190, 189, -1.9298067241876082, 62.507999999999996, 0.00019175345033660654
9.08, 190, 188, -1.930094354363113, 62.507999999999996, 0.0
9.09, 190, 188, -1.9306696147141227, 62.507999999999996, 0.0
9.1, 190, 187, -1.9309572448896277, 62.507999999999996, 0.0
9.11, 190, 187, -1.930765491439291, 62.507999999999996, 0.0
9.12, 189, 186, -1.9303819845386179, 62.507999999999996, 9.587672516830327e-05
9.13, 189, 186, -1.9298067241876082, 62.507999999999996, 9.587672516830327e-05
9.14, 189, 185, -1.92913558711143, 62.507999999999996, 0.0
9.15, 189, 184, -1.92913558711143, 62.507999999999996, -9.587672516830327e-05
9.16, 188, 184, -1.9290397103862615, 62.507999999999996, 0.00019175345033660654
9.17, 188, 183, -1.9290397103862615, 62.507999999999996, 0.0
9.18, 188, 183, -1.9293273405617666, 62.507999999999996, 9.587672516830327e-05
9.19, 188, 182, -1.9294232172869348, 62.507999999999996, 0.0
9.2, 188, 181, -1.9296149707372716, 62.507999999999996, -0.00019175345033660654
9.21, 187, 181, -1.9296149707372716, 62.507999999999996, 0.00019175345033660654
9.22, 187, 180, -1.9298067241876082, 62.507999999999996, 0.0
9.23, 187, 180, -1.9299026009127764, 62.507999999999996, 0.0
9.24, 187, 179, -1.9301902310882815, 62.507999999999996, 0.0
9.25, 187, 179, -1.9304778612637863, 62.507999999999996, 0.0
9.26, 186, 178, -1.9299026009127764, 62.507999999999996, 9.587672516830327e-05
9.27, 186, 177, -1.9296149707372716, 62.507999999999996, 0.0
9.28, 186, 177, -1.92913558711143, 62.507999999999996, 0.0
9.29, 186, 176, -1.9288479569359251, 62.507999999999996, -9.587672516830327e-05
9.3, 185, 176, -1.9288479569359251, 62.507999999999996, 0.00019175345033660654
9.31, 185, 175, -1.9288479569359251, 62.507999999999996, 0.0
9.32, 185, 174, -1.9289438336610936, 62.507999999999996, 0.0
9.33, 185, 174, -1.9289438336610936, 62.507999999999996, 0.0
9.34, 185, 173, -1.9289438336610936, 62.507999999999996, -0.00019175345033660654
9.35, 184, 173, -1.9292314638365984, 62.507999999999996, 0.00019175345033660654
9.36, 184, 172, -1.9292314638365984, 62.507999999999996, 0.0
9.37, 184, 172, -1.9289438336610936, 62.507999999999996, 0.0
9.38, 184, 171, -1.9290397103862615, 62.507999999999996, -9.587672516830327e-05
9.39, 183, 170, -1.9285603267604203, 62.507999999999996, 9.587672516830327e-05
9.4, 183, 170, -1.9285603267604203, 62.507999999999996, 9.587672516830327e-05
9.41, 183, 169, -1.9290397103862615, 62.507999999999996, 0.0
9.42, 183, 169, -1.9288479569359251, 62.507999999999996, 0.0
9.43, 183, 168, -1.9293273405617666, 62.507999999999996, -9.587672516830327e-05
9.44, 182, 167, -1.9295190940121032, 62.507999999999996, 9.587672516830327e-05
9.45, 182, 167, -1.9294232172869348, 62.507999999999996, 9.587672516830327e-05
9.46, 182, 166, -1.9294232172869348, 62.507999999999996, 0.0
9.47, 182, 166, -1.9292314638365984, 62.507999999999996, 0.0
9.48, 181, 165, -1.9287520802107567, 62.507999999999996, 0.00019175345033660654
9.49, 181, 165, -1.9283685733100835, 62.507999999999996, 0.00019175345033660654
9.5, 181, 164, -1.9287520802107567, 62.507999999999996, 0.0
9.51, 181, 163, -1.9288479569359251, 62.507999999999996, -9.587672516830327e-05
9.52, 181, 163, -1.9293273405617666, 62.507999999999996, -9.587672516830327e-05
9.53, 180, 162, -1.9295190940121032, 62.507999999999996, 9.587672516830327e-05
9.54, 180, 162, -1.9294232172869348, 62.507999999999996, 9.587672516830327e-05
9.55, 180, 161, -1.9294232172869348, 62.19546, 0.0
9.56, 180, 160, -1.92913558711143, 59.695139999999995, -9.587672516830327e-05
9.57, 180, 160, -1.92913558711143, 59.695139999999995, -9.587672516830327e-05
9.58, 179, 159, -1.9289438336610936, 57.19482, 9.587672516830327e-05
9.59, 179, 159, -1.9289438336610936, 62.507999999999996, 0.018408331232314227
9.6, 179, 158, -1.9289438336610936, 62.507999999999996, 0.018408331232314227
9.61, 179, 158, -1.928464450035252, 62.507999999999996, 0.018408331232314227
9.62, 178, 157, -1.926930422432559, 62.507999999999996, 0.08743957335349258
9.63, 178, 156, -1.923766490502005, 62.507999999999996, 0.08715194317798768
9.64, 178, 156, -1.91839739389258, 62.507999999999996, 0.08667255955214614
9.65, 178, 155, -1.9100561188029377, 62.507999999999996, 0.08609729920113635
9.66, 178, 155, -1.8997973092099292, 62.507999999999996, 0.0851385319494533
9.67, 178, 155, -1.8870457047625449, 62.507999999999996, 0.08417976469777026
9.68, 178, 154, -1.8727600727124678, 62.507999999999996, 0.08293336727058233
9.69, 177, 154, -1.858282687212054, 62.507999999999996, 0.08264573709507742
9.7, 177, 154, -1.8422712741089473, 62.507999999999996, 0.08139933966788947
9.71, 177, 153, -1.8239588196018013, 62.507999999999996, 0.07986531206519662
9.72, 177, 153, -1.8034412004157843, 62.507999999999996, 0.07804365428699886
9.73, 177, 153, -1.7811978001767381, 62.507999999999996, 0.07631787323396941
9.75, 177, 153, -1.7312460263640521, 62.507999999999996, 0.07209929732656406
9.76, 177, 153, -1.7044964200420953, 62.507999999999996, 0.06999000937286139
9.77, 177, 153, -1.6775550602698022, 62.507999999999996, 0.06768896796882211
9.78, 177, 153, -1.6505178237723408, 62.507999999999996, 0.06548380328995114
9.79, 177, 153, -1.6267403959306015, 62.507999999999996, 0.06347039206141676
9.8, 177, 153, -1.6027712146385258, 62.507999999999996, 0.0615528575580507
9.81, 177, 153, -1.576980375568252, 62.507999999999996, 0.059443569604348025
9.82, 177, 153, -1.5504225226966322, 62.507999999999996, 0.05714252820030875
9.83, 177, 153, -1.5232894094740024, 62.507999999999996, 0.05503324024660607
9.84, 177, 153, -1.4951975289996895, 62.507999999999996, 0.05254044539223019
9.85, 177, 152, -1.4680644157770597, 62.507999999999996, 0.05043115743852752
9.86, 177, 152, -1.44035604220342, 62.507999999999996, 0.048130116034488246
9.88, 177, 152, -1.3867609528343383, 62.507999999999996, 0.04371978667674629
9.89, 177, 152, -1.36068248358856, 62.507999999999996, 0.04151462199787532
9.9, 177, 152, -1.3352751514189596, 62.507999999999996, 0.039405334044172645
9.91, 177, 151, -1.3103472028752008, 62.507999999999996, 0.03739192281563827
9.92, 177, 151, -1.287336788834808, 62.507999999999996, 0.035474388312272204
9.93, 177, 151, -1.2648057584202568, 62.507999999999996, 0.03355685380890614
9.94, 177, 150, -1.2439046323335665, 62.507999999999996, 0.031926949481044985
9.95, 177, 150, -1.2230993829720447, 62.507999999999996, 0.030105291702847224
9.96, 177, 149, -1.2024858870608595, 62.507999999999996, 0.02847538737498607
9.97, 177, 149, -1.1824476515006843, 62.507999999999996, 0.026845483047124915
9.98, 177, 149, -1.162217662490172, 62.507999999999996, 0.02502382526892715
9.99, 178, 148, -1.1426588105558382, 62.507999999999996, 0.02291453731522448
10.0, 178, 148, -1.1236752189725143, 62.507999999999996, 0.02138050971253163
10.01, 178, 147, -1.1053627644653683, 62.507999999999996, 0.020134112285343685
10.02, 178, 147, -1.0888719677364203, 62.507999999999996, 0.01888771485815574
10.03, 179, 146, -1.0741069520605016, 62.507999999999996, 0.01735368725546289
10.04, 179, 146, -1.0607800872621074, 62.507999999999996, 0.016299043278611557
10.05, 179, 145, -1.0485078664405645, 62.507999999999996, 0.015532029477265128
10.06, 179, 145, -1.0368109059700314, 62.507999999999996, 0.0146691389507504
10.07, 180, 144, -1.0253056989498353, 62.507999999999996, 0.01351861824873076
10.08, 180, 144, -1.0138004919296386, 62.507999999999996, 0.012655727722216032
10.09, 180, 143, -1.0030622987107887, 62.507999999999996, 0.012080467371206213
10.1, 181, 143, -0.9919405985912656, 62.507999999999996, 0.010642316493681662
10.11, 181, 142, -0.981298282097584, 62.507999999999996, 0.010067056142671843
10.12, 181, 142, -0.9716147328555853, 62.507999999999996, 0.009300042341325417
10.13, 182, 141, -0.9623146905142599, 62.507999999999996, 0.008437151814810686
10.14, 182, 141, -0.9545486757756273, 62.507999999999996, 0.007861891463800867
10.15, 182, 140, -0.9472620446628363, 62.507999999999996, 0.007478384563127654
10.16, 182, 140, -0.9412218109772331, 62.507999999999996, 0.0069990009372861385
10.17, 183, 140, -0.9354692074671349, 62.507999999999996, 0.006423740586276319
10.18, 183, 139, -0.929812480682205, 62.507999999999996, 0.006136110410771409
10.19, 183, 139, -0.92444338407278, 62.507999999999996, 0.005752603510098196
10.2, 184, 138, -0.9191701641885235, 62.507999999999996, 0.005177343159088376
10.21, 184, 138, -0.91428045120494, 62.507999999999996, 0.0048897129835834665
10.22, 185, 137, -0.9094866149465247, 62.507999999999996, 0.00441032935774195
10.23, 185, 137, -0.9053639157642878, 62.507999999999996, 0.004026822457068737
10.24, 185, 136, -0.9015288467575556, 62.507999999999996, 0.00412269918223704
10.25, 186, 136, -0.8982690381018333, 62.507999999999996, 0.0034515621060589178
10.26, 186, 135, -0.8951051061712793, 62.507999999999996, 0.003547438831227221
10.27, 186, 135, -0.8914617906148838, 62.507999999999996, 0.0032598086557223114
10.28, 187, 135, -0.8875308448829834, 62.507999999999996, 0.002588671579544188
10.29, 187, 134, -0.8834081457007463, 62.507999999999996, 0.002588671579544188
10.3, 188, 134, -0.8795730766940142, 62.507999999999996, 0.0019175345033660652
10.31, 188, 133, -0.8766967749389651, 62.507999999999996, 0.0020134112285343686
10.32, 188, 133, -0.874491610260094, 62.507999999999996, 0.001821657778197762
10.33, 189, 132, -0.8727658292070647, 62.507999999999996, 0.0017257810530294589
10.34, 189, 132, -0.8712318016043717, 62.507999999999996, 0.0016299043278611557
10.35, 189, 131, -0.8697936507268472, 62.507999999999996, 0.0017257810530294589
10.36, 190, 131, -0.8682596231241544, 62.507999999999996, 0.0012463974271879426
10.37, 190, 130, -0.8671091024221348, 62.507999999999996, 0.001438150877524549
10.38, 191, 130, -0.8661503351704517, 62.507999999999996, 0.0011505207020196392
10.39, 191, 129, -0.8649998144684321, 62.507999999999996, 0.0012463974271879426
10.4, 191, 129, -0.8642328006670856, 62.507999999999996, 0.0011505207020196392
10.41, 192, 129, -0.8626028963392245, 62.507999999999996, 0.0006711370761781229
10.42, 192, 128, -0.8610688687365317, 62.507999999999996, 0.0009587672516830326
10.43, 193, 128, -0.8594389644086705, 62.507999999999996, 0.0004793836258415163
10.44, 193, 127, -0.8577131833556411, 62.507999999999996, 0.0006711370761781229
10.45, 193, 127, -0.856466785928453, 62.507999999999996, 0.0005752603510098196
10.46, 194, 126, -0.8558915255774433, 62.507999999999996, 0.0004793836258415163
10.47, 194, 126, -0.8553162652264334, 62.507999999999996, 0.0004793836258415163
10.48, 195, 125, -0.8552203885012651, 62.507999999999996, 0.0003835069006732131
10.49, 195, 125, -0.8552203885012651, 62.507999999999996, 0.0003835069006732131
10.5, 195, 124, -0.8552203885012651, 62.507999999999996, 0.0007670138013464262
10.51, 196, 124, -0.8552203885012651, 62.507999999999996, 0.0003835069006732131
10.52, 196, 123, -0.8549327583257602, 62.507999999999996, 0.0007670138013464262
10.53, 197, 123, -0.854549251425087, 62.507999999999996, 0.0002876301755049098
10.54, 197, 122, -0.8538781143489089, 62.507999999999996, 0.0005752603510098196
10.55, 197, 122, -0.8533028539978991, 62.507999999999996, 0.0004793836258415163
10.56, 198, 122, -0.8528234703720576, 62.507999999999996, 0.00019175345033660654
10.57, 198, 121, -0.852056456570711, 62.507999999999996, 0.0004793836258415163
10.58, 199, 121, -0.8510018125938598, 62.507999999999996, 9.587672516830327e-05
10.59, 199, 120, -0.8504265522428499, 62.507999999999996, 0.00019175345033660654
10.6, 199, 120, -0.8497554151666719, 62.507999999999996, 0.00019175345033660654
10.61, 200, 119, -0.8495636617163352, 62.507999999999996, 0.00019175345033660654
10.62, 200, 119, -0.8493719082659986, 62.507999999999996, 0.00019175345033660654
10.63, 201, 118, -0.8493719082659986, 62.507999999999996, 0.00019175345033660654
10.64, 201, 118, -0.8493719082659986, 62.507999999999996, 0.00019175345033660654
10.65, 201, 117, -0.8488925246401571, 62.507999999999996, 0.0004793836258415163
10.66, 202, 117, -0.8486048944646523, 62.507999999999996, 0.0
10.67, 202, 117, -0.8480296341136424, 62.507999999999996, 0.0
10.68, 203, 116, -0.8480296341136424, 62.507999999999996, 0.0
10.69, 203, 116, -0.848221387563979, 62.507999999999996, 0.0
10.7, 203, 115, -0.8486048944646523, 62.507999999999996, 0.0002876301755049098
10.71, 204, 115, -0.8489884013653254, 62.507999999999996, 0.0
10.72, 204, 114, -0.848221387563979, 62.507999999999996, 0.00019175345033660654
10.73, 205, 114, -0.8478378806633058, 62.507999999999996, 0.0
10.74, 205, 113, -0.8470708668619593, 62.507999999999996, 0.0
10.75, 206, 113, -0.8465914832361179, 62.507999999999996, 0.0
10.76, 206, 112, -0.8464956065109496, 62.507999999999996, 0.0
10.77, 206, 112, -0.8462079763354445, 62.507999999999996, 0.0
10.78, 207, 111, -0.846303853060613, 62.507999999999996, 0.0
10.79, 207, 111, -0.846303853060613, 62.507999999999996, 0.0
10.8, 208, 110, -0.8461120996102763, 62.507999999999996, 0.0
10.81, 208, 110, -0.8465914832361179, 62.507999999999996, 0.0
10.82, 208, 110, -0.8465914832361179, 62.507999999999996, 0.0
10.83, 209, 109, -0.8463997297857812, 62.507999999999996, 0.0
10.84, 209, 109, -0.8464956065109496, 62.507999999999996, 0.0
10.85, 210, 108, -0.8462079763354445, 62.507999999999996, 0.0
10.86, 210, 108, -0.8459203461599397, 62.507999999999996, 0.0
10.87, 210, 107, -0.8458244694347714, 62.507999999999996, 0.00019175345033660654
10.88, 211, 107, -0.8458244694347714, 62.507999999999996, 0.0
10.89, 211, 106, -0.8458244694347714, 62.507999999999996, 9.587672516830327e-05
10.9, 212, 106, -0.8456327159844348, 62.507999999999996, -9.587672516830327e-05
10.91, 212, 105, -0.8457285927096031, 62.507999999999996, 9.587672516830327e-05
10.92, 213, 105, -0.8457285927096031, 62.507999999999996, -9.587672516830327e-05
10.93, 213, 104, -0.8454409625340982, 62.507999999999996, 0.0
10.94, 213, 104, -0.8456327159844348, 62.507999999999996, 0.0
10.95, 214, 103, -0.8456327159844348, 62.507999999999996, 0.0
10.96, 214, 103, -0.8452492090837616, 62.507999999999996, 0.0
10.98, 215, 102, -0.8455368392592666, 62.507999999999996, 0.0
10.99, 215, 102, -0.8452492090837616, 62.507999999999996, 0.0
11.0, 216, 101, -0.8456327159844348, 62.507999999999996, 0.0
11.01, 216, 101, -0.8456327159844348, 62.507999999999996, 0.0
11.02, 217, 100, -0.84534508580893, 62.507999999999996, 0.0
11.03, 217, 100, -0.8454409625340982, 62.507999999999996, 0.0
11.04, 218, 99, -0.8454409625340982, 62.507999999999996, 0.0
11.05, 218, 99, -0.8451533323585932, 62.507999999999996, 0.0
11.06, 218, 98, -0.84534508580893, 62.507999999999996, 0.00019175345033660654
11.07, 219, 98, -0.84534508580893, 62.507999999999996, 0.0
11.08, 219, 97, -0.84534508580893, 62.507999999999996, 0.0
11.09, 220, 97, -0.8456327159844348, 62.507999999999996, -9.587672516830327e-05
11.1, 220, 96, -0.8457285927096031, 62.507999999999996, 9.587672516830327e-05
11.11, 220, 96, -0.8458244694347714, 62.507999999999996, 9.587672516830327e-05
11.12, 221, 96, -0.8455368392592666, 62.507999999999996, -9.587672516830327e-05
11.13, 221, 95, -0.8454409625340982, 62.507999999999996, 0.0
11.14, 222, 95, -0.8454409625340982, 62.507999999999996, -0.00019175345033660654
11.15, 222, 94, -0.845057455633425, 62.507999999999996, 0.0
11.16, 222, 94, -0.8452492090837616, 62.507999999999996, 0.0
11.17, 223, 93, -0.8452492090837616, 62.507999999999996, 0.0
11.18, 223, 93, -0.8449615789082566, 62.507999999999996, 0.0
11.19, 224, 92, -0.8452492090837616, 62.507999999999996, 0.0
11.2, 224, 92, -0.8452492090837616, 62.507999999999996, 0.0
11.21, 225, 91, -0.845057455633425, 62.507999999999996, 0.0
11.22, 225, 91, -0.845057455633425, 62.507999999999996, 0.0
11.23, 225, 90, -0.845057455633425, 62.507999999999996, 0.00019175345033660654
11.24, 226, 90, -0.84534508580893, 62.507999999999996, 0.0
11.25, 226, 90, -0.8454409625340982, 62.507999999999996, 0.0
11.26, 227, 89, -0.8457285927096031, 62.507999999999996, -9.587672516830327e-05
11.27, 227, 89, -0.8457285927096031, 62.507999999999996, -9.587672516830327e-05
11.28, 227, 88, -0.84534508580893, 62.507999999999996, 0.00019175345033660654
11.29, 228, 88, -0.8452492090837616, 62.507999999999996, -9.587672516830327e-05
11.3, 228, 87, -0.8451533323585932, 62.507999999999996, 0.0
11.31, 229, 87, -0.845057455633425, 62.507999999999996, -0.00019175345033660654
11.32, 229, 86, -0.8448657021830884, 62.507999999999996, 0.0
11.33, 229, 86, -0.845057455633425, 62.507999999999996, 0.0
11.34, 230, 85, -0.8448657021830884, 62.507999999999996, 0.0
11.35, 230, 85, -0.8446739487327518, 62.507999999999996, 0.0
11.36, 231, 84, -0.845057455633425, 62.507999999999996, 0.0
11.37, 231, 84, -0.84476982545792, 62.507999999999996, 0.0
11.38, 232, 83, -0.845057455633425, 62.507999999999996, 0.0
11.39, 232, 83, -0.8455368392592666, 62.507999999999996, 0.0
11.4, 232, 83, -0.8452492090837616, 62.507999999999996, 0.0
11.41, 233, 82, -0.8454409625340982, 62.507999999999996, 0.0
11.42, 233, 82, -0.8452492090837616, 62.507999999999996, 0.0
11.43, 234, 81, -0.8448657021830884, 62.507999999999996, 0.0
11.44, 234, 81, -0.8451533323585932, 62.507999999999996, 0.0
11.45, 234, 80, -0.8451533323585932, 62.507999999999996, 0.00019175345033660654
11.46, 235, 80, -0.845057455633425, 62.507999999999996, -9.587672516830327e-05
11.47, 235, 79, -0.845057455633425, 62.507999999999996, 9.587672516830327e-05
11.48, 236, 79, -0.8449615789082566, 62.507999999999996, -9.587672516830327e-05
11.49, 236, 78, -0.84476982545792, 62.507999999999996, 0.0
11.5, 236, 78, -0.84476982545792, 62.507999999999996, 0.0
11.51, 237, 77, -0.84476982545792, 62.507999999999996, 0.0
11.52, 237, 77, -0.84476982545792, 62.507999999999996, 0.0
11.53, 238, 76, -0.8448657021830884, 62.507999999999996, 0.0
11.54, 238, 76, -0.845057455633425, 62.507999999999996, 0.0
11.55, 239, 76, -0.845057455633425, 62.507999999999996, -0.00019175345033660654
11.56, 239, 75, -0.8448657021830884, 62.507999999999996, 0.0
11.57, 239, 75, -0.8451533323585932, 62.507999999999996, 0.0
11.58, 240, 74, -0.845057455633425, 62.507999999999996, 0.0
11.59, 240, 74, -0.8449615789082566, 62.507999999999996, 0.0
11.6, 241, 73, -0.8452492090837616, 62.507999999999996, 0.0
11.61, 241, 73, -0.8448657021830884, 62.507999999999996, 0.0
11.62, 241, 72, -0.8445780720075834, 62.507999999999996, 0.00019175345033660654
11.63, 242, 72, -0.8448657021830884, 62.507999999999996, -9.587672516830327e-05
11.64, 242, 71, -0.8448657021830884, 62.507999999999996, 0.00019175345033660654
11.65, 243, 71, -0.8448657021830884, 62.507999999999996, -9.587672516830327e-05
11.66, 243, 70, -0.845057455633425, 62.507999999999996, 9.587672516830327e-05
11.67, 244, 70, -0.845057455633425, 62.507999999999996, -9.587672516830327e-05
11.68, 244, 70, -0.845057455633425, 62.507999999999996, -9.587672516830327e-05
11.69, 244, 69, -0.845057455633425, 62.507999999999996, 9.587672516830327e-05
11.7, 245, 69, -0.845057455633425, 62.507999999999996, -9.587672516830327e-05
11.71, 245, 68, -0.845057455633425, 62.507999999999996, 0.0
11.72, 246, 68, -0.84476982545792, 62.507999999999996, -0.00019175345033660654
11.73, 246, 67, -0.84476982545792, 62.507999999999996, 0.0
11.74, 246, 67, -0.8449615789082566, 62.507999999999996, 0.0
11.75, 247, 66, -0.84476982545792, 62.507999999999996, 0.0
11.76, 247, 66, -0.8451533323585932, 62.507999999999996, 0.0
11.77, 248, 65, -0.84534508580893, 62.507999999999996, 0.0
11.78, 248, 65, -0.845057455633425, 62.507999999999996, 0.0
11.79, 248, 64, -0.8454409625340982, 62.507999999999996, 0.00019175345033660654
11.8, 249, 64, -0.8456327159844348, 62.507999999999996, 0.0
11.81, 249, 63, -0.8454409625340982, 62.507999999999996, 0.00019175345033660654
11.82, 250, 63, -0.8455368392592666, 62.507999999999996, 0.0
11.83, 250, 63, -0.84534508580893, 62.507999999999996, 0.0
11.84, 251, 62, -0.84534508580893, 62.507999999999996, -9.587672516830327e-05
11.85, 251, 62, -0.84534508580893, 62.507999999999996, -9.587672516830327e-05
11.86, 251, 61, -0.84534508580893, 62.507999999999996, 9.587672516830327e-05
11.87, 252, 61, -0.84534508580893, 62.507999999999996, -9.587672516830327e-05
11.88, 252, 60, -0.8449615789082566, 62.507999999999996, 0.0
11.89, 253, 60, -0.84534508580893, 62.507999999999996, -0.00019175345033660654
11.9, 253, 59, -0.8454409625340982, 62.507999999999996, 0.0
11.91, 253, 59, -0.84534508580893, 62.507999999999996, 0.0
11.92, 254, 58, -0.8457285927096031, 62.507999999999996, 0.0
11.93, 254, 58, -0.84534508580893, 62.507999999999996, 0.0
11.95, 255, 57, -0.845057455633425, 62.507999999999996, 0.0
11.96, 255, 56, -0.8449615789082566, 62.507999999999996, 0.0002876301755049098
11.97, 256, 56, -0.8449615789082566, 62.507999999999996, 0.0
11.98, 256, 56, -0.845057455633425, 62.507999999999996, 0.0
11.99, 257, 55, -0.8451533323585932, 62.507999999999996, 0.0
12.0, 257, 55, -0.8451533323585932, 62.507999999999996, 0.0
12.01, 258, 54, -0.8449615789082566, 62.507999999999996, -9.587672516830327e-05
12.02, 258, 54, -0.8456327159844348, 62.507999999999996, -9.587672516830327e-05
12.03, 258, 53, -0.8458244694347714, 62.507999999999996, 0.00019175345033660654
12.04, 259, 53, -0.846016222885108, 62.507999999999996, -9.587672516830327e-05
12.05, 259, 52, -0.8466873599612861, 62.507999999999996, 9.587672516830327e-05
12.06, 260, 52, -0.8459203461599397, 62.507999999999996, -9.587672516830327e-05
12.07, 260, 51, -0.8452492090837616, 62.507999999999996, 9.587672516830327e-05
12.08, 260, 51, -0.8448657021830884, 62.507999999999996, 9.587672516830327e-05
12.09, 261, 50, -0.8442904418320786, 62.507999999999996, 0.0
12.1, 261, 50, -0.8440028116565736, 62.507999999999996, 0.0
12.11, 262, 49, -0.8440028116565736, 62.507999999999996, 0.0
12.12, 262, 49, -0.8440028116565736, 62.507999999999996, 0.0
12.13, 263, 49, -0.844098688381742, 62.507999999999996, -0.0002876301755049098
12.14, 263, 48, -0.8444821952824152, 62.507999999999996, 0.0
12.16, 264, 47, -0.84476982545792, 62.507999999999996, 0.0
12.17, 264, 47, -0.8446739487327518, 62.507999999999996, 0.0
12.18, 265, 46, -0.8446739487327518, 62.507999999999996, 0.0
12.19, 265, 46, -0.8443863185572469, 62.507999999999996, 0.0
12.2, 265, 45, -0.8443863185572469, 62.507999999999996, 0.00019175345033660654
12.21, 266, 45, -0.8444821952824152, 62.507999999999996, -9.587672516830327e-05
12.22, 266, 44, -0.8442904418320786, 62.507999999999996, 9.587672516830327e-05
12.23, 267, 44, -0.8443863185572469, 62.507999999999996, -9.587672516830327e-05
12.24, 267, 43, -0.8445780720075834, 62.507999999999996, 9.587672516830327e-05
12.25, 267, 43, -0.8442904418320786, 62.507999999999996, 9.587672516830327e-05
12.26, 268, 43, -0.84476982545792, 62.507999999999996, -0.00019175345033660654
12.27, 268, 42, -0.845057455633425, 62.507999999999996, 9.587672516830327e-05
12.28, 269, 42, -0.8448657021830884, 62.507999999999996, -0.00019175345033660654
12.29, 269, 41, -0.84476982545792, 62.507999999999996, 0.0
12.3, 270, 41, -0.8442904418320786, 62.507999999999996, -0.00019175345033660654
12.31, 270, 40, -0.8439069349314053, 62.19546, 0.0
12.32, 270, 40, -0.8439069349314053, 62.19546, 0.0
12.33, 271, 39, -0.844098688381742, 59.695139999999995, 0.0
12.35, 272, 38, -0.8446739487327518, 54.6945, 0.0
12.37, 272, 37, -0.84476982545792, 62.507999999999996, 0.05915593942884311
12.38, 273, 37, -0.8444821952824152, 62.507999999999996, 0.05915593942884311
12.39, 273, 37, -0.8432357978552273, 62.507999999999996, 0.05906006270367481
12.4, 274, 36, -0.840647126275683, 62.507999999999996, 0.05934769287917972
12.41, 274, 36, -0.8360450434676044, 62.507999999999996, 0.05906006270367481
12.42, 274, 36, -0.8285666589044768, 62.507999999999996, 0.05858067907783329
12.43, 274, 35, -0.8182119725863001, 62.507999999999996, 0.05838892562749669
12.44, 274, 35, -0.805843875039589, 62.507999999999996, 0.057621911826150264
12.45, 275, 35, -0.791941749890185, 62.507999999999996, 0.05675902129963554
12.46, 275, 35, -0.7777519945652761, 62.507999999999996, 0.055896130773120806
12.47, 275, 34, -0.7630828556145257, 62.507999999999996, 0.055896130773120806
12.48, 275, 34, -0.7431404967795187, 62.507999999999996, 0.054649733345932865
12.49, 275, 34, -0.7229105077690066, 62.507999999999996, 0.053403335918744924
12.5, 275, 34, -0.701529998056475, 62.507999999999996, 0.052061061766388673
12.51, 275, 34, -0.6792865978174286, 62.507999999999996, 0.05062291088886413
12.52, 276, 34, -0.6598236226082631, 62.507999999999996, 0.04937651346167619
12.53, 276, 34, -0.6384431128957315, 62.507999999999996, 0.04803423930931994
12.54, 276, 34, -0.6160079592063484, 62.507999999999996, 0.04659608843179539
12.55, 276, 34, -0.5921346546394409, 62.507999999999996, 0.04506206082910254
12.56, 276, 33, -0.5677819664466919, 62.507999999999996, 0.0440074168522512
12.57, 277, 33, -0.5436210317042796, 62.507999999999996, 0.04256926597472665
12.58, 277, 33, -0.5195559736870353, 62.507999999999996, 0.041035238372033794
12.59, 277, 33, -0.4956826691201279, 62.507999999999996, 0.03950121076934094
12.6, 277, 33, -0.4720969947287253, 62.507999999999996, 0.038063059891816395
12.61, 278, 33, -0.4496618410393423, 62.507999999999996, 0.03652903228912354
12.62, 278, 33, -0.42693905717445446, 62.507999999999996, 0.0351867581367673
12.63, 278, 32, -0.4052709172864179, 62.507999999999996, 0.03432386761025257
12.64, 279, 32, -0.3839862842990546, 62.507999999999996, 0.03298159345789632
12.65, 279, 32, -0.3630851582123645, 62.507999999999996, 0.03163931930554007
12.66, 279, 32, -0.34256753902634757, 62.507999999999996, 0.030392921878352137
12.67, 280, 32, -0.32224167329066733, 62.507999999999996, 0.029050647725995887
12.68, 280, 32, -0.30239519118082847, 62.507999999999996, 0.027804250298807946
12.69, 281, 32, -0.28293221597166296, 62.507999999999996, 0.026653729596788307
12.7, 281, 31, -0.2643321312890121, 62.507999999999996, 0.025982592520610182
12.71, 282, 31, -0.24573204660636128, 62.507999999999996, 0.024832071818590543
12.72, 282, 31, -0.22789897572505685, 62.507999999999996, 0.023585674391402602
12.74, 284, 31, -0.19280809431345786, 62.507999999999996, 0.02138050971253163
12.75, 284, 31, -0.17679668121035122, 62.507999999999996, 0.020421742460848595
12.76, 285, 31, -0.1622234189847691, 62.507999999999996, 0.019462975209165564
12.77, 285, 31, -0.14832129383536516, 62.507999999999996, 0.018600084682650835
12.78, 286, 31, -0.1347067988614661, 62.507999999999996, 0.017737194156136102
12.79, 286, 31, -0.12176344096374514, 62.507999999999996, 0.016970180354789678
12.8, 287, 30, -0.10843657616535099, 62.507999999999996, 0.016586673454116463
12.81, 288, 30, -0.09558909499279836, 62.507999999999996, 0.015819659652770036
12.82, 288, 30, -0.08274161382024572, 62.507999999999996, 0.014956769126255308
12.83, 289, 30, -0.07027763954836629, 62.507999999999996, 0.014189755324908885
12.84, 289, 30, -0.058293048902328386, 62.507999999999996, 0.013422741523562457
12.85, 290, 30, -0.04726722550797351, 62.507999999999996, 0.012751604447384334
12.86, 290, 30, -0.036433155563955245, 62.507999999999996, 0.011984590646037907
12.87, 291, 30, -0.026366099421283398, 62.507999999999996, 0.011409330295028088
12.88, 291, 30, -0.016874303629621373, 62.507999999999996, 0.010738193218849966
12.89, 292, 30, -0.007574261288295958, 62.507999999999996, 0.010162932867840146
12.9, 293, 30, 0.0013422741523562457, 62.507999999999996, 0.009587672516830327
12.91, 293, 30, 0.01054643976851336, 62.507999999999996, 0.009012412165820508
12.92, 294, 30, 0.01888771485815574, 62.507999999999996, 0.008533028539978992
12.93, 294, 30, 0.026366099421283398, 62.507999999999996, 0.008053644914137474
12.94, 295, 30, 0.03278984000755972, 62.507999999999996, 0.007670138013464261
12.95, 295, 30, 0.038638320242826214, 62.507999999999996, 0.007286631112791048
12.96, 296, 30, 0.044870307378765927, 62.507999999999996, 0.0069031242121178355
12.97, 297, 30, 0.051677554865715465, 62.507999999999996, 0.006519617311444623
12.98, 297, 30, 0.05896418597850651, 62.507999999999996, 0.006040233685603106
12.99, 298, 30, 0.06567555674028773, 62.507999999999996, 0.005656726784929893
13.0, 299, 30, 0.07209929732656406, 62.507999999999996, 0.005177343159088376
13.01, 299, 30, 0.07794777756183055, 62.507999999999996, 0.0048897129835834665
13.02, 300, 30, 0.08245398364474081, 62.507999999999996, 0.004602082808078557
13.03, 300, 30, 0.08648080610180955, 62.507999999999996, 0.004314452632573647
13.05, 301, 30, 0.09300042341325417, 62.507999999999996, 0.003930945731900433
13.06, 302, 30, 0.0966437389696497, 62.507999999999996, 0.003643315556395524
13.07, 303, 30, 0.099903547625372, 62.507999999999996, 0.0034515621060589178
13.08, 303, 30, 0.1027798493804211, 62.507999999999996, 0.0032598086557223114
13.09, 304, 30, 0.1057520278606385, 62.507999999999996, 0.0030680552053857046
13.1, 304, 30, 0.1085324528905193, 62.507999999999996, 0.0029721784802174012
13.11, 305, 30, 0.1118881382714099, 62.507999999999996, 0.0026845483047124915
13.12, 306, 30, 0.11524382365230053, 62.507999999999996, 0.002492794854375885
13.13, 306, 30, 0.11792837195701301, 62.507999999999996, 0.0023010414040392784
13.14, 307, 30, 0.12070879698689381, 62.507999999999996, 0.002205164678870975
13.15, 308, 30, 0.12339334529160631, 62.507999999999996, 0.0020134112285343686
13.16, 308, 30, 0.12579026342081387, 62.507999999999996, 0.001821657778197762
13.17, 309, 30, 0.12761192119901163, 62.507999999999996, 0.0017257810530294589
13.18, 309, 31, 0.1288583186261996, 62.507999999999996, 0.0011505207020196392
13.19, 310, 31, 0.12981708587788263, 62.507999999999996, 0.0011505207020196392
13.2, 311, 31, 0.13115936003023887, 62.507999999999996, 0.0010546439768513358
13.21, 311, 31, 0.13326864798394153, 62.507999999999996, 0.0008628905265147294
13.22, 312, 31, 0.1352820592124759, 62.507999999999996, 0.0007670138013464262
13.23, 312, 31, 0.1371037169906737, 62.507999999999996, 0.0006711370761781229
13.24, 313, 31, 0.13835011441786163, 62.507999999999996, 0.0005752603510098196
13.25, 314, 31, 0.13902125149403974, 62.507999999999996, 0.0005752603510098196
13.26, 314, 31, 0.13950063511988123, 62.507999999999996, 0.0004793836258415163
13.27, 315, 31, 0.14007589547089105, 62.507999999999996, 0.0004793836258415163
13.28, 315, 31, 0.14036352564639598, 62.507999999999996, 0.0004793836258415163
13.29, 316, 31, 0.1407470325470692, 62.507999999999996, 0.0004793836258415163
13.3, 317, 32, 0.1407470325470692, 62.507999999999996, 0.0
13.31, 317, 32, 0.14065115582190088, 62.507999999999996, 0.0
13.32, 318, 32, 0.14065115582190088, 62.507999999999996, 0.0
13.33, 319, 32, 0.1409387859974058, 62.507999999999996, 0.0
13.34, 319, 32, 0.14141816962324733, 62.507999999999996, 0.0
13.35, 320, 32, 0.14199342997425712, 62.507999999999996, 0.0
13.36, 320, 32, 0.14276044377560357, 62.507999999999996, -9.587672516830327e-05
13.37, 321, 32, 0.14314395067627678, 62.507999999999996, -9.587672516830327e-05
13.38, 322, 32, 0.14371921102728658, 62.507999999999996, -9.587672516830327e-05
13.39, 322, 32, 0.1436233343021183, 62.507999999999996, -9.587672516830327e-05
13.4, 323, 32, 0.1436233343021183, 62.507999999999996, -9.587672516830327e-05
13.41, 323, 32, 0.1440068412027915, 62.507999999999996, -0.00019175345033660654
13.42, 324, 33, 0.1442944713782964, 62.507999999999996, -0.0005752603510098196
13.43, 325, 33, 0.14496560845447454, 62.507999999999996, -0.0004793836258415163
13.44, 325, 33, 0.14544499208031605, 62.507999999999996, -0.0004793836258415163
13.45, 326, 33, 0.14515736190481116, 62.507999999999996, -0.0003835069006732131
13.46, 326, 33, 0.14486973172930623, 62.507999999999996, -0.0003835069006732131
13.47, 327, 33, 0.14477385500413792, 62.507999999999996, -0.0002876301755049098
13.48, 328, 33, 0.1441027179279598, 62.507999999999996, -0.00019175345033660654
13.49, 328, 33, 0.14419859465312812, 62.507999999999996, -0.00019175345033660654
13.5, 329, 33, 0.14448622482863305, 62.507999999999996, -0.00019175345033660654
13.51, 329, 33, 0.1441027179279598, 62.507999999999996, -0.00019175345033660654
13.52, 330, 33, 0.14448622482863305, 62.507999999999996, -9.587672516830327e-05
13.53, 331, 34, 0.14448622482863305, 62.507999999999996, -0.0005752603510098196
13.54, 331, 34, 0.14391096447762322, 62.507999999999996, -0.0004793836258415163
13.55, 332, 34, 0.1441027179279598, 62.507999999999996, -0.0004793836258415163
13.56, 333, 34, 0.14391096447762322, 62.507999999999996, -0.0003835069006732131
13.57, 333, 34, 0.14352745757694998, 62.507999999999996, -0.0002876301755049098
13.58, 334, 34, 0.14352745757694998, 62.507999999999996, -0.0002876301755049098
13.59, 334, 34, 0.14314395067627678, 62.507999999999996, -0.0002876301755049098
13.6, 335, 34, 0.14266456705043526, 62.507999999999996, -0.00019175345033660654
13.61, 336, 34, 0.14295219722594016, 62.507999999999996, -9.587672516830327e-05
13.62, 336, 34, 0.14256869032526695, 62.507999999999996, -9.587672516830327e-05
13.64, 337, 35, 0.14208930669942546, 62.507999999999996, -0.0004793836258415163
13.65, 338, 35, 0.14199342997425712, 62.507999999999996, -0.0003835069006732131
13.66, 339, 35, 0.14218518342459374, 62.507999999999996, -0.0003835069006732131
13.67, 339, 35, 0.14266456705043526, 62.507999999999996, -0.0003835069006732131
13.68, 340, 35, 0.14295219722594016, 62.507999999999996, -0.0002876301755049098
13.7, 341, 35, 0.14285632050077188, 62.507999999999996, -0.0002876301755049098
13.71, 342, 35, 0.14228106014976205, 62.507999999999996, -9.587672516830327e-05
13.72, 342, 35, 0.14189755324908881, 62.507999999999996, -9.587672516830327e-05
13.73, 343, 35, 0.14151404634841563, 62.507999999999996, 0.0
13.74, 344, 35, 0.14132229289807902, 62.507999999999996, 0.0
13.75, 344, 35, 0.14132229289807902, 62.507999999999996, 0.0
13.76, 345, 36, 0.14132229289807902, 62.507999999999996, -0.0003835069006732131
13.77, 345, 36, 0.14160992307358392, 62.507999999999996, -0.0003835069006732131
13.78, 346, 36, 0.14170579979875222, 62.507999999999996, -0.0003835069006732131
13.79, 347, 36, 0.14189755324908881, 62.507999999999996, -0.0002876301755049098
13.8, 347, 36, 0.14189755324908881, 62.507999999999996, -0.0002876301755049098
13.81, 348, 36, 0.14141816962324733, 62.507999999999996, -0.00019175345033660654
13.82, 349, 36, 0.1412264161729107, 62.507999999999996, -9.587672516830327e-05
13.83, 349, 36, 0.1407470325470692, 62.507999999999996, -9.587672516830327e-05
13.84, 350, 36, 0.1402676489212277, 62.507999999999996, 0.0
13.85, 350, 36, 0.1404594023715643, 62.507999999999996, 0.0
13.86, 351, 36, 0.14036352564639598, 62.507999999999996, 0.0
13.87, 352, 37, 0.14055527909673257, 62.507999999999996, -0.0002876301755049098
13.88, 352, 37, 0.1407470325470692, 62.507999999999996, -0.0002876301755049098
13.89, 353, 37, 0.14036352564639598, 62.507999999999996, -0.0002876301755049098
13.9, 353, 37, 0.14055527909673257, 62.507999999999996, -0.0002876301755049098
13.91, 354, 37, 0.1404594023715643, 62.507999999999996, -0.00019175345033660654
13.92, 355, 37, 0.13988414202055446, 62.507999999999996, -9.587672516830327e-05
13.93, 355, 37, 0.13998001874572277, 62.507999999999996, -9.587672516830327e-05
13.94, 356, 37, 0.13988414202055446, 62.507999999999996, 0.0
13.95, 357, 37, 0.13940475839471295, 62.507999999999996, 0.0
13.96, 357, 37, 0.13969238857021787, 62.507999999999996, 0.0
13.97, 358, 37, 0.13969238857021787, 62.507999999999996, 0.0
13.98, 358, 37, 0.13930888166954464, 62.507999999999996, 0.0
13.99, 359, 38, 0.13950063511988123, 62.507999999999996, -0.0002876301755049098
14.0, 360, 38, 0.13950063511988123, 62.507999999999996, -0.00019175345033660654
14.01, 360, 38, 0.13921300494437636, 62.507999999999996, -0.00019175345033660654
14.02, 361, 38, 0.13950063511988123, 62.507999999999996, -0.00019175345033660654
14.03, 361, 38, 0.13911712821920805, 62.507999999999996, -0.00019175345033660654
14.04, 362, 38, 0.13854186786819822, 62.507999999999996, 0.0
14.05, 363, 38, 0.13854186786819822, 62.507999999999996, 0.0
14.06, 363, 38, 0.13835011441786163, 62.507999999999996, 0.0
14.07, 364, 38, 0.13835011441786163, 62.507999999999996, 0.0
14.08, 365, 38, 0.13863774459336653, 62.507999999999996, 0.0
14.09, 365, 38, 0.13882949804370312, 62.507999999999996, 0.0
14.1, 366, 39, 0.13882949804370312, 62.507999999999996, -0.0002876301755049098
14.11, 366, 39, 0.13882949804370312, 62.507999999999996, -0.0002876301755049098
14.12, 367, 39, 0.13882949804370312, 62.507999999999996, -0.00019175345033660654
14.13, 368, 39, 0.1387336213185348, 62.507999999999996, -9.587672516830327e-05
14.14, 368, 39, 0.13863774459336653, 62.507999999999996, -9.587672516830327e-05
14.15, 369, 39, 0.13863774459336653, 62.507999999999996, -9.587672516830327e-05
14.16, 370, 39, 0.13835011441786163, 62.507999999999996, 0.0
14.17, 370, 39, 0.138158360967525, 62.507999999999996, 0.0
14.18, 371, 39, 0.1382542376926933, 62.507999999999996, 0.0
14.19, 371, 39, 0.1378707307920201, 62.507999999999996, 0.0
14.2, 372, 39, 0.1377748540668518, 62.507999999999996, 0.0
14.21, 373, 39, 0.1377748540668518, 62.507999999999996, 9.587672516830327e-05
14.22, 373, 40, 0.13758310061651519, 62.507999999999996, -0.0002876301755049098
14.23, 374, 40, 0.1380624842423567, 62.507999999999996, -0.00019175345033660654
14.24, 374, 40, 0.13835011441786163, 62.507999999999996, -0.00019175345033660654
14.25, 375, 40, 0.1382542376926933, 62.507999999999996, -9.587672516830327e-05
14.26, 376, 40, 0.1384459911430299, 62.507999999999996, -9.587672516830327e-05
14.27, 376, 40, 0.13835011441786163, 62.507999999999996, -9.587672516830327e-05
14.28, 377, 40, 0.1378707307920201, 62.507999999999996, 0.0
14.29, 378, 40, 0.1378707307920201, 62.507999999999996, 0.0
14.3, 378, 40, 0.13767897734168347, 62.507999999999996, 0.0
14.31, 379, 40, 0.13739134716617857, 62.507999999999996, 0.0
14.32, 379, 40, 0.1377748540668518, 62.507999999999996, 0.0
14.33, 380, 40, 0.1377748540668518, 62.507999999999996, 9.587672516830327e-05
14.34, 381, 41, 0.13767897734168347, 62.507999999999996, -0.00019175345033660654
14.35, 381, 41, 0.1378707307920201, 62.507999999999996, -0.00019175345033660654
14.36, 382, 41, 0.1377748540668518, 62.507999999999996, -9.587672516830327e-05
14.37, 383, 41, 0.1377748540668518, 62.507999999999996, -9.587672516830327e-05
14.38, 383, 41, 0.1377748540668518, 62.507999999999996, -9.587672516830327e-05
14.39, 384, 41, 0.13767897734168347, 62.507999999999996, 0.0
14.41, 385, 41, 0.13758310061651519, 62.507999999999996, 0.0
14.42, 386, 41, 0.13758310061651519, 62.507999999999996, 0.0
14.43, 386, 41, 0.13758310061651519, 62.507999999999996, 0.0
14.44, 387, 41, 0.1371037169906737, 62.507999999999996, 9.587672516830327e-05
14.45, 387, 41, 0.13700784026550536, 62.507999999999996, 9.587672516830327e-05
14.46, 388, 42, 0.13672021009000046, 62.507999999999996, -0.00019175345033660654
14.47, 389, 42, 0.13652845663966387, 62.507999999999996, -9.587672516830327e-05
14.48, 389, 42, 0.1371037169906737, 62.507999999999996, -9.587672516830327e-05
14.49, 390, 42, 0.13767897734168347, 62.507999999999996, -9.587672516830327e-05
14.5, 391, 42, 0.1379666075171884, 62.507999999999996, 0.0
14.51, 391, 42, 0.1382542376926933, 62.507999999999996, 0.0
14.52, 392, 42, 0.1382542376926933, 62.507999999999996, 0.0
14.53, 392, 42, 0.1378707307920201, 62.507999999999996, 0.0
14.54, 393, 42, 0.1378707307920201, 62.507999999999996, 0.0
14.55, 394, 42, 0.13767897734168347, 62.507999999999996, 0.0
14.56, 394, 42, 0.13748722389134688, 62.507999999999996, 0.0
14.57, 395, 43, 0.13748722389134688, 62.507999999999996, -0.0002876301755049098
14.58, 395, 43, 0.13767897734168347, 62.507999999999996, -0.0002876301755049098
14.59, 396, 43, 0.13767897734168347, 62.507999999999996, -0.00019175345033660654
14.6, 397, 43, 0.1378707307920201, 62.507999999999996, -9.587672516830327e-05
14.61, 397, 43, 0.1377748540668518, 62.507999999999996, -9.587672516830327e-05
14.62, 398, 43, 0.13748722389134688, 62.507999999999996, 0.0
14.63, 399, 43, 0.13748722389134688, 62.507999999999996, 0.0
14.64, 399, 43, 0.13719959371584198, 62.507999999999996, 0.0
14.65, 400, 43, 0.13691196354033705, 62.507999999999996, 0.0
14.66, 400, 43, 0.1371037169906737, 62.507999999999996, 0.0
14.67, 401, 43, 0.1371037169906737, 62.507999999999996, 9.587672516830327e-05
14.69, 402, 44, 0.13748722389134688, 62.507999999999996, -0.0002876301755049098
14.7, 403, 44, 0.1371037169906737, 62.507999999999996, -0.00019175345033660654
14.71, 403, 44, 0.13700784026550536, 62.507999999999996, -0.00019175345033660654
14.72, 404, 44, 0.1371037169906737, 62.507999999999996, -9.587672516830327e-05
14.73, 405, 44, 0.13662433336483215, 62.507999999999996, 0.0
14.74, 405, 44, 0.13681608681516877, 62.507999999999996, 0.0
14.75, 406, 44, 0.13700784026550536, 62.507999999999996, 0.0
14.76, 407, 44, 0.13662433336483215, 62.507999999999996, 0.0
14.77, 407, 44, 0.13681608681516877, 62.507999999999996, 0.0
14.78, 408, 44, 0.13681608681516877, 62.507999999999996, 0.0
14.79, 408, 44, 0.13652845663966387, 62.507999999999996, 0.0
14.8, 409, 44, 0.13672021009000046, 62.507999999999996, 9.587672516830327e-05
14.81, 410, 45, 0.13672021009000046, 62.507999999999996, -0.00019175345033660654
14.82, 410, 45, 0.13652845663966387, 62.507999999999996, -0.00019175345033660654
14.83, 411, 45, 0.13652845663966387, 62.507999999999996, -9.587672516830327e-05
14.84, 412, 45, 0.13652845663966387, 62.507999999999996, 0.0
14.86, 413, 45, 0.13662433336483215, 62.507999999999996, 0.0
14.87, 413, 45, 0.13681608681516877, 62.507999999999996, 0.0
14.88, 414, 45, 0.13672021009000046, 62.507999999999996, 0.0
14.89, 415, 45, 0.13662433336483215, 62.507999999999996, 0.0
14.9, 415, 45, 0.13652845663966387, 62.507999999999996, 0.0
14.91, 416, 45, 0.13624082646415894, 62.507999999999996, 9.587672516830327e-05
14.92, 416, 45, 0.13624082646415894, 62.507999999999996, 9.587672516830327e-05
14.93, 417, 46, 0.13624082646415894, 62.507999999999996, -0.00019175345033660654
14.94, 418, 46, 0.13652845663966387, 62.507999999999996, -9.587672516830327e-05
14.95, 418, 46, 0.13681608681516877, 62.507999999999996, -9.587672516830327e-05
14.97, 420, 46, 0.13691196354033705, 62.507999999999996, 0.0
14.98, 420, 46, 0.13672021009000046, 62.507999999999996, 0.0
14.99, 421, 46, 0.13633670318932722, 62.507999999999996, 0.0
15.0, 421, 46, 0.13604907301382235, 62.507999999999996, 0.0
15.01, 422, 46, 0.13566556611314912, 62.507999999999996, 0.0
15.02, 423, 46, 0.13547381266281253, 62.507999999999996, 9.587672516830327e-05
15.03, 423, 46, 0.13537793593764422, 62.507999999999996, 9.587672516830327e-05
15.04, 424, 46, 0.13547381266281253, 62.507999999999996, 0.00019175345033660654
15.05, 424, 47, 0.13566556611314912, 62.507999999999996, -0.00019175345033660654
15.06, 425, 47, 0.13566556611314912, 61.88292, -9.587672516830327e-05
15.07, 426, 47, 0.13566556611314912, 59.695139999999995, -9.587672516830327e-05
15.08, 426, 47, 0.13585731956348573, 59.695139999999995, -9.587672516830327e-05
15.09, 427, 47, 0.13604907301382235, 57.19482, 0.0
15.1, 428, 47, 0.13585731956348573, 54.6945, 0.0
15.11, 428, 47, 0.13585731956348573, 54.6945, 0.0
