t (s), x (mm), y (mm), theta (rad), v (mm/s), omega (rad/s)
0.0, 1068, 126, 0.9678755405740215, 62.507999999999996, 0.02310629076556109
0.01, 1068, 126, 0.9678755405740215, 62.507999999999996, 0.02310629076556109
0.03, 1068, 126, 0.9689301845508728, 62.507999999999996, 0.02310629076556109
0.04, 1068, 126, 0.9710394725045755, 62.507999999999996, 0.023010414040392783
0.05, 1068, 126, 0.9746827880609711, 62.507999999999996, 0.022818660590056175
0.07, 1068, 126, 0.985708611455326, 62.507999999999996, 0.02233927696421466
0.08, 1068, 126, 0.9929952425681169, 62.507999999999996, 0.02205164678870975
0.09, 1068, 127, 1.0013365176577593, 62.507999999999996, 0.021668139888036536
0.1, 1069, 127, 1.0109241901745896, 62.507999999999996, 0.021668139888036536
0.11, 1069, 128, 1.0216623833934395, 62.507999999999996, 0.021188756262195022
0.12, 1069, 128, 1.0324005766122895, 62.507999999999996, 0.020709372636353505
0.13, 1069, 128, 1.0435222767318129, 62.507999999999996, 0.020325865735680293
0.14, 1070, 129, 1.0549316070268409, 62.507999999999996, 0.020134112285343685
0.15, 1070, 129, 1.066724444222542, 62.507999999999996, 0.019654728659502168
0.16, 1070, 130, 1.0785172814182435, 62.507999999999996, 0.019175345033660654
0.18, 1071, 131, 1.1021988325348144, 62.507999999999996, 0.01850420795748253
0.19, 1071, 131, 1.1133205326543376, 62.507999999999996, 0.018024824331641015
0.2, 1071, 132, 1.1247298629493656, 62.507999999999996, 0.017545440705799498
0.21, 1071, 132, 1.1364268234198986, 62.507999999999996, 0.017066057079957984
0.22, 1072, 133, 1.1480279071652633, 62.507999999999996, 0.016874303629621373
0.23, 1072, 133, 1.159628990910628, 62.507999999999996, 0.01639492000377986
0.24, 1072, 134, 1.1714218281063293, 62.507999999999996, 0.015915536377938345
0.25, 1072, 134, 1.1821600213251793, 62.507999999999996, 0.015532029477265128
0.27, 1073, 135, 1.203540531037711, 62.507999999999996, 0.014956769126255308
0.29, 1073, 136, 1.2255921778264207, 62.507999999999996, 0.013998001874572277
0.3, 1073, 137, 1.2365221244956073, 62.507999999999996, 0.01351861824873076
0.32, 1073, 138, 1.2586696480094852, 62.507999999999996, 0.012655727722216032
0.33, 1074, 138, 1.2687367041521571, 62.507999999999996, 0.012559850997047728
0.34, 1074, 139, 1.2790913904703338, 62.507999999999996, 0.012080467371206213
0.35, 1074, 139, 1.2887749397123325, 62.507999999999996, 0.011696960470532999
0.36, 1074, 140, 1.2977873518781529, 62.507999999999996, 0.011313453569859785
0.37, 1074, 140, 1.3060327502426272, 62.507999999999996, 0.011025823394354876
0.38, 1074, 141, 1.3140863951567645, 62.507999999999996, 0.010642316493681662
0.4, 1075, 142, 1.3298101780843663, 62.507999999999996, 0.010354686318176752
0.41, 1075, 142, 1.3384390833495137, 62.507999999999996, 0.00997117941750354
0.42, 1075, 143, 1.3463968515384828, 62.507999999999996, 0.009587672516830327
0.43, 1075, 144, 1.354642249902957, 62.507999999999996, 0.009300042341325417
0.45, 1075, 145, 1.370557786280895, 62.507999999999996, 0.008628905265147294
0.46, 1075, 145, 1.3781320475691912, 62.507999999999996, 0.008341275089642384
0.47, 1076, 146, 1.3854186786819822, 62.507999999999996, 0.008341275089642384
0.48, 1076, 146, 1.3923218028941, 62.507999999999996, 0.008053644914137474
0.49, 1076, 147, 1.3986496667552082, 62.507999999999996, 0.007766014738632564
0.5, 1076, 148, 1.4050734073414843, 62.507999999999996, 0.007478384563127654
0.52, 1076, 149, 1.416962121262354, 62.507999999999996, 0.0069990009372861385
0.53, 1076, 149, 1.422714724772452, 62.507999999999996, 0.0068072474869495326
0.54, 1076, 150, 1.4281796981070456, 62.507999999999996, 0.006519617311444623
0.55, 1076, 150, 1.4336446714416389, 62.507999999999996, 0.006327863861108016
0.6, 1077, 153, 1.460010770862922, 62.507999999999996, 0.00556085005976159
0.61, 1077, 154, 1.4638458398696543, 62.507999999999996, 0.005369096609424983
0.63, 1077, 155, 1.4718036080586234, 62.507999999999996, 0.005081466433920073
0.64, 1077, 156, 1.4753510468898505, 62.507999999999996, 0.0048897129835834665
0.65, 1077, 156, 1.4796654995224243, 62.507999999999996, 0.00469795953324686
0.67, 1077, 158, 1.48781502116173, 62.507999999999996, 0.00441032935774195
0.68, 1077, 158, 1.4918418436187988, 62.507999999999996, 0.004218575907405343
0.69, 1077, 159, 1.495389282450026, 62.507999999999996, 0.00412269918223704
0.7, 1077, 160, 1.4991284747315898, 62.507999999999996, 0.003930945731900433
0.71, 1077, 160, 1.5031552971886588, 62.507999999999996, 0.003739192281563827
0.72, 1077, 161, 1.5071821196457273, 62.507999999999996, 0.003547438831227221
0.74, 1077, 162, 1.5135099835068355, 62.507999999999996, 0.0033556853808906144
0.76, 1077, 163, 1.5180161895897457, 62.507999999999996, 0.003163931930554008
0.77, 1077, 164, 1.5202213542686165, 62.507999999999996, 0.0030680552053857046
0.78, 1077, 164, 1.5232894094740024, 62.507999999999996, 0.002876301755049098
0.79, 1077, 165, 1.5261657112290514, 62.507999999999996, 0.002780425029880795
0.8, 1078, 166, 1.5286585060834272, 62.507999999999996, 0.0029721784802174012
0.81, 1078, 166, 1.5312471776629715, 62.507999999999996, 0.002876301755049098
0.82, 1078, 167, 1.5332605888915058, 62.507999999999996, 0.002780425029880795
0.83, 1078, 168, 1.534890493219367, 62.507999999999996, 0.002780425029880795
0.84, 1078, 168, 1.536136890646555, 62.507999999999996, 0.0026845483047124915
0.85, 1078, 169, 1.5368080277227332, 62.507999999999996, 0.0026845483047124915
0.86, 1078, 169, 1.5379585484247527, 62.507999999999996, 0.002588671579544188
0.88, 1078, 171, 1.5422730010573262, 62.507999999999996, 0.002492794854375885
0.89, 1078, 171, 1.545628686438217, 62.507999999999996, 0.0023010414040392784
0.91, 1078, 172, 1.550039015795959, 62.507999999999996, 0.0021092879537026716
0.92, 1078, 173, 1.5508060295973054, 62.507999999999996, 0.0021092879537026716
0.93, 1078, 174, 1.5514771666734835, 62.507999999999996, 0.0021092879537026716
0.94, 1078, 174, 1.5532988244516812, 62.507999999999996, 0.0020134112285343686
0.95, 1078, 175, 1.555791619306057, 62.507999999999996, 0.0019175345033660652
0.96, 1078, 176, 1.5586679210611063, 62.507999999999996, 0.0017257810530294589
0.98, 1078, 177, 1.563365880594353, 62.507999999999996, 0.0015340276026928523
1.0, 1078, 178, 1.5657627987235607, 62.507999999999996, 0.001438150877524549
1.02, 1078, 179, 1.5669133194255802, 62.507999999999996, 0.001438150877524549
1.03, 1078, 180, 1.5679679634024317, 62.507999999999996, 0.0013422741523562457
1.04, 1078, 181, 1.5697896211806293, 62.507999999999996, 0.0013422741523562457
1.05, 1078, 181, 1.5717071556839954, 62.507999999999996, 0.0012463974271879426
1.06, 1078, 182, 1.5736246901873614, 62.507999999999996, 0.0011505207020196392
1.07, 1078, 182, 1.574775210889381, 62.507999999999996, 0.0010546439768513358
1.08, 1078, 183, 1.5752545945152225, 62.507999999999996, 0.0010546439768513358
1.09, 1078, 184, 1.5754463479655594, 62.507999999999996, 0.0010546439768513358
1.1, 1078, 184, 1.5759257315914008, 62.507999999999996, 0.0010546439768513358
1.11, 1078, 185, 1.5765009919424107, 62.507999999999996, 0.0010546439768513358
1.12, 1078, 186, 1.5770762522934205, 62.507999999999996, 0.0009587672516830326
1.13, 1078, 186, 1.577555635919262, 62.507999999999996, 0.0009587672516830326
1.1400000000000001, 1078, 187, 1.5779391428199352, 62.507999999999996, 0.0009587672516830326
1.16, 1078, 188, 1.579089663521955, 62.507999999999996, 0.0009587672516830326
1.17, 1078, 189, 1.580144307498806, 62.507999999999996, 0.0008628905265147294
1.18, 1078, 189, 1.5815824583763307, 62.507999999999996, 0.0007670138013464262
1.19, 1078, 190, 1.5827329790783502, 62.507999999999996, 0.0007670138013464262
1.2, 1078, 190, 1.5834999928796967, 62.507999999999996, 0.0007670138013464262
1.21, 1078, 191, 1.584171129955875, 62.507999999999996, 0.0006711370761781229
1.22, 1078, 192, 1.5844587601313798, 62.507999999999996, 0.0006711370761781229
1.23, 1078, 192, 1.5847463903068846, 62.507999999999996, 0.0006711370761781229
1.24, 1078, 193, 1.5851298972075578, 62.507999999999996, 0.0006711370761781229
1.25, 1078, 194, 1.5852257739327262, 62.507999999999996, 0.0006711370761781229
1.26, 1078, 194, 1.5856092808333995, 62.507999999999996, 0.0006711370761781229
1.27, 1078, 195, 1.5862804179095775, 62.507999999999996, 0.0005752603510098196
1.28, 1078, 195, 1.5871433084360924, 62.507999999999996, 0.0005752603510098196
1.29, 1078, 196, 1.5878144455122705, 62.507999999999996, 0.0005752603510098196
1.3, 1078, 197, 1.5883897058632803, 62.507999999999996, 0.0005752603510098196
1.31, 1078, 197, 1.5892525963897948, 62.507999999999996, 0.0004793836258415163
1.32, 1078, 198, 1.5895402265652998, 62.507999999999996, 0.0004793836258415163
1.34, 1078, 199, 1.5904031170918147, 62.507999999999996, 0.0004793836258415163
1.35, 1078, 200, 1.5904989938169827, 62.507999999999996, 0.0004793836258415163
1.3599999999999999, 1078, 200, 1.5906907472673195, 62.507999999999996, 0.0004793836258415163
1.38, 1078, 202, 1.5910742541679928, 62.507999999999996, 0.0003835069006732131
1.3900000000000001, 1078, 202, 1.5913618843434976, 62.507999999999996, 0.0003835069006732131
1.41, 1078, 204, 1.5922247748700122, 62.507999999999996, 0.0003835069006732131
1.43, 1078, 205, 1.5931835421216953, 62.507999999999996, 0.0002876301755049098
1.44, 1078, 205, 1.5934711722972001, 62.507999999999996, 0.0002876301755049098
1.45, 1078, 206, 1.5937588024727052, 62.507999999999996, 0.0002876301755049098
1.46, 1078, 207, 1.5937588024727052, 62.507999999999996, 0.0002876301755049098
1.47, 1078, 207, 1.5938546791978734, 62.507999999999996, 0.0002876301755049098
1.48, 1078, 208, 1.5940464326482102, 62.507999999999996, 0.0002876301755049098
1.49, 1078, 209, 1.59462169299922, 62.507999999999996, 0.0002876301755049098
1.5, 1078, 209, 1.594717569724388, 62.507999999999996, 0.0002876301755049098
1.52, 1078, 210, 1.5952928300753981, 62.507999999999996, 0.0002876301755049098
1.53, 1078, 211, 1.5952928300753981, 62.507999999999996, 0.0002876301755049098
1.54, 1078, 212, 1.595580460250903, 62.507999999999996, 0.00019175345033660654
1.55, 1078, 212, 1.595580460250903, 62.507999999999996, 0.00019175345033660654
1.56, 1078, 213, 1.595580460250903, 62.507999999999996, 0.00019175345033660654
1.5699999999999998, 1078, 214, 1.5959639671515762, 62.507999999999996, 0.00019175345033660654
1.58, 1078, 214, 1.5959639671515762, 62.507999999999996, 0.00019175345033660654
1.5899999999999999, 1078, 215, 1.5962515973270812, 62.507999999999996, 0.00019175345033660654
1.6099999999999999, 1078, 216, 1.596539227502586, 62.507999999999996, 0.00019175345033660654
1.63, 1078, 217, 1.5966351042277545, 62.507999999999996, 0.00019175345033660654
1.65, 1078, 218, 1.5966351042277545, 62.507999999999996, 0.00019175345033660654
1.6600000000000001, 1078, 219, 1.5967309809529224, 62.507999999999996, 0.00019175345033660654
1.67, 1078, 220, 1.5973062413039323, 62.507999999999996, 0.00019175345033660654
1.6800000000000002, 1078, 220, 1.5973062413039323, 62.507999999999996, 0.00019175345033660654
1.69, 1078, 221, 1.5974021180291007, 62.507999999999996, 0.00019175345033660654
1.7, 1078, 222, 1.5974979947542691, 62.507999999999996, 0.00019175345033660654
1.71, 1078, 222, 1.5974979947542691, 62.507999999999996, 0.00019175345033660654
1.72, 1078, 223, 1.5976897482046055, 62.507999999999996, 9.587672516830327e-05
1.73, 1078, 223, 1.5974979947542691, 62.507999999999996, 0.00019175345033660654
1.74, 1078, 224, 1.5974979947542691, 62.507999999999996, 0.00019175345033660654
1.75, 1078, 225, 1.5975938714794373, 62.507999999999996, 0.00019175345033660654
1.76, 1078, 225, 1.5976897482046055, 62.507999999999996, 9.587672516830327e-05
1.77, 1078, 226, 1.5982650085556156, 62.507999999999996, 9.587672516830327e-05
1.78, 1078, 227, 1.5985526387311204, 62.507999999999996, 9.587672516830327e-05
1.79, 1078, 227, 1.598744392181457, 62.507999999999996, 9.587672516830327e-05
1.8, 1078, 228, 1.5986485154562886, 62.507999999999996, 9.587672516830327e-05
1.8399999999999999, 1078, 230, 1.598744392181457, 62.507999999999996, 9.587672516830327e-05
1.85, 1078, 231, 1.5989361456317934, 62.507999999999996, 9.587672516830327e-05
1.8599999999999999, 1078, 232, 1.5989361456317934, 62.507999999999996, 9.587672516830327e-05
1.88, 1078, 233, 1.598456762005952, 62.507999999999996, 9.587672516830327e-05
1.8900000000000001, 1078, 233, 1.5979773783801103, 62.507999999999996, 9.587672516830327e-05
1.9, 1078, 234, 1.5979773783801103, 62.507999999999996, 9.587672516830327e-05
1.9100000000000001, 1078, 235, 1.5982650085556156, 62.507999999999996, 9.587672516830327e-05
1.92, 1078, 235, 1.5986485154562886, 62.507999999999996, 9.587672516830327e-05
1.9300000000000002, 1078, 236, 1.5993196525324667, 62.507999999999996, 9.587672516830327e-05
1.94, 1078, 237, 1.59970315943314, 62.507999999999996, 9.587672516830327e-05
1.96, 1078, 238, 1.6002784197841498, 62.507999999999996, 0.0
1.98, 1078, 239, 1.6000866663338131, 62.507999999999996, 0.0
2.03, 1078, 242, 1.5990320223569618, 62.507999999999996, 9.587672516830327e-05
2.04, 1078, 243, 1.5989361456317934, 62.507999999999996, 9.587672516830327e-05
2.05, 1078, 243, 1.5995114059828035, 62.507999999999996, 9.587672516830327e-05
2.06, 1077, 244, 1.6000866663338131, 62.507999999999996, -0.00019175345033660654
2.07, 1077, 245, 1.6003742965093182, 62.507999999999996, -0.00019175345033660654
2.09, 1077, 246, 1.600661926684823, 62.507999999999996, -0.00019175345033660654
2.1, 1077, 247, 1.6003742965093182, 62.507999999999996, -0.00019175345033660654
2.11, 1077, 247, 1.6001825430589816, 62.507999999999996, -0.00019175345033660654
2.12, 1077, 248, 1.5998949128834765, 62.507999999999996, -0.00019175345033660654
2.13, 1077, 248, 1.5997990361583083, 62.507999999999996, -0.00019175345033660654
2.15, 1077, 250, 1.59970315943314, 62.507999999999996, -0.00019175345033660654
2.16, 1077, 250, 1.5998949128834765, 62.507999999999996, -0.00019175345033660654
2.17, 1077, 251, 1.5998949128834765, 62.507999999999996, -0.00019175345033660654
2.19, 1077, 252, 1.5997990361583083, 62.507999999999996, -0.00019175345033660654
2.21, 1077, 253, 1.5991278990821303, 62.507999999999996, -0.00019175345033660654
2.22, 1077, 254, 1.5991278990821303, 62.507999999999996, -0.00019175345033660654
2.23, 1077, 255, 1.5986485154562886, 62.507999999999996, -9.587672516830327e-05
2.24, 1077, 255, 1.598456762005952, 62.507999999999996, -9.587672516830327e-05
2.25, 1077, 256, 1.5988402689066252, 62.507999999999996, -9.587672516830327e-05
2.26, 1077, 256, 1.5986485154562886, 62.507999999999996, -9.587672516830327e-05
2.27, 1077, 257, 1.5985526387311204, 62.507999999999996, -9.587672516830327e-05
2.29, 1077, 258, 1.5985526387311204, 62.507999999999996, -9.587672516830327e-05
2.3, 1077, 259, 1.5982650085556156, 62.507999999999996, -9.587672516830327e-05
2.31, 1077, 260, 1.5982650085556156, 62.507999999999996, -9.587672516830327e-05
2.32, 1077, 260, 1.5979773783801103, 62.507999999999996, -9.587672516830327e-05
2.33, 1077, 261, 1.5979773783801103, 62.507999999999996, -9.587672516830327e-05
2.34, 1077, 261, 1.5980732551052788, 62.507999999999996, -9.587672516830327e-05
2.37, 1077, 263, 1.597785624929774, 62.507999999999996, -9.587672516830327e-05
2.38, 1077, 264, 1.5978815016549424, 62.507999999999996, -9.587672516830327e-05
2.39, 1077, 265, 1.5974979947542691, 62.507999999999996, -9.587672516830327e-05
2.4, 1077, 265, 1.5974021180291007, 62.507999999999996, -9.587672516830327e-05
2.44, 1077, 268, 1.5974021180291007, 62.507999999999996, -9.587672516830327e-05
2.45, 1077, 268, 1.5973062413039323, 62.507999999999996, -9.587672516830327e-05
2.46, 1077, 269, 1.5976897482046055, 62.507999999999996, -9.587672516830327e-05
2.48, 1077, 270, 1.5973062413039323, 62.507999999999996, -9.587672516830327e-05
2.49, 1077, 271, 1.5974979947542691, 62.507999999999996, -9.587672516830327e-05
2.5, 1077, 271, 1.5971144878535959, 62.507999999999996, -9.587672516830327e-05
2.51, 1077, 272, 1.5969227344032593, 62.507999999999996, -9.587672516830327e-05
2.52, 1077, 273, 1.597210364578764, 62.507999999999996, -9.587672516830327e-05
2.54, 1077, 274, 1.5970186111284275, 62.507999999999996, -9.587672516830327e-05
2.56, 1077, 275, 1.596539227502586, 62.507999999999996, 0.0
2.57, 1077, 276, 1.5963474740522492, 62.507999999999996, 0.0
2.59, 1077, 277, 1.5968268576780908, 62.507999999999996, -9.587672516830327e-05
2.6, 1077, 278, 1.5968268576780908, 62.507999999999996, -9.587672516830327e-05
2.61, 1077, 278, 1.5971144878535959, 62.507999999999996, -9.587672516830327e-05
2.62, 1077, 279, 1.5973062413039323, 62.507999999999996, -9.587672516830327e-05
2.63, 1077, 280, 1.5968268576780908, 62.507999999999996, -9.587672516830327e-05
2.64, 1077, 280, 1.5968268576780908, 62.507999999999996, -9.587672516830327e-05
2.65, 1077, 281, 1.5968268576780908, 62.507999999999996, -9.587672516830327e-05
2.67, 1076, 282, 1.5963474740522492, 62.507999999999996, -0.0003835069006732131
2.69, 1076, 283, 1.5962515973270812, 62.507999999999996, -0.0003835069006732131
2.7, 1076, 284, 1.5962515973270812, 62.507999999999996, -0.0003835069006732131
2.71, 1076, 284, 1.5963474740522492, 62.507999999999996, -0.0003835069006732131
2.74, 1076, 286, 1.5956763369760711, 62.507999999999996, -0.0002876301755049098
2.76, 1076, 288, 1.594909323174725, 62.507999999999996, -0.0002876301755049098
2.77, 1076, 288, 1.594334062823715, 62.507999999999996, -0.0002876301755049098
2.7800000000000002, 1076, 289, 1.5944299395488832, 62.507999999999996, -0.0002876301755049098
2.79, 1076, 289, 1.5941423093733784, 62.507999999999996, -0.0002876301755049098
2.8, 1076, 290, 1.5942381860985466, 62.507999999999996, -0.0002876301755049098
2.81, 1076, 291, 1.5945258162740517, 62.507999999999996, -0.0002876301755049098
2.82, 1076, 291, 1.5938546791978734, 62.507999999999996, -0.0002876301755049098
2.83, 1076, 292, 1.593662925747537, 62.507999999999996, -0.0002876301755049098
2.85, 1076, 293, 1.592416528320349, 62.507999999999996, -0.00019175345033660654
2.86, 1076, 294, 1.5922247748700122, 62.507999999999996, -0.00019175345033660654
2.87, 1076, 294, 1.591841267969339, 62.507999999999996, -0.00019175345033660654
2.88, 1076, 295, 1.5917453912441708, 62.507999999999996, -0.00019175345033660654
2.89, 1076, 296, 1.5922247748700122, 62.507999999999996, -0.00019175345033660654
2.9, 1076, 296, 1.592128898144844, 62.507999999999996, -0.00019175345033660654
2.92, 1076, 298, 1.592416528320349, 62.507999999999996, -0.00019175345033660654
2.93, 1076, 298, 1.5919371446945074, 62.507999999999996, -0.00019175345033660654
2.94, 1076, 299, 1.5919371446945074, 62.507999999999996, -0.00019175345033660654
2.96, 1076, 300, 1.591170130893161, 62.507999999999996, -0.00019175345033660654
2.9699999999999998, 1076, 301, 1.591170130893161, 62.507999999999996, -0.00019175345033660654
2.98, 1076, 301, 1.5913618843434976, 62.507999999999996, -0.00019175345033660654
2.99, 1076, 302, 1.5914577610686658, 62.507999999999996, -0.00019175345033660654
3.01, 1076, 303, 1.5910742541679928, 62.507999999999996, -9.587672516830327e-05
3.02, 1076, 304, 1.5906907472673195, 62.507999999999996, -9.587672516830327e-05
3.05, 1076, 306, 1.5903072403666463, 62.507999999999996, -9.587672516830327e-05
3.06, 1076, 306, 1.5902113636414779, 62.507999999999996, -9.587672516830327e-05
3.07, 1076, 307, 1.5902113636414779, 62.507999999999996, -9.587672516830327e-05
3.08, 1076, 308, 1.5903072403666463, 62.507999999999996, -9.587672516830327e-05
3.09, 1076, 308, 1.5901154869163097, 62.507999999999996, -9.587672516830327e-05
3.1, 1076, 309, 1.589923733465973, 62.507999999999996, -9.587672516830327e-05
3.11, 1076, 309, 1.5900196101911415, 62.507999999999996, -9.587672516830327e-05
3.13, 1076, 311, 1.5894443498401316, 62.507999999999996, -9.587672516830327e-05
3.14, 1076, 311, 1.5896361032904682, 62.507999999999996, -9.587672516830327e-05
3.15, 1076, 312, 1.5893484731149632, 62.507999999999996, -9.587672516830327e-05
3.16, 1076, 312, 1.5893484731149632, 62.507999999999996, -9.587672516830327e-05
3.17, 1076, 313, 1.5897319800156364, 62.507999999999996, -9.587672516830327e-05
3.18, 1076, 314, 1.5896361032904682, 62.507999999999996, -9.587672516830327e-05
3.19, 1076, 314, 1.5894443498401316, 62.507999999999996, -9.587672516830327e-05
3.2, 1076, 315, 1.5895402265652998, 62.507999999999996, -9.587672516830327e-05
3.21, 1076, 316, 1.5891567196646268, 62.507999999999996, -9.587672516830327e-05
3.22, 1076, 316, 1.5888690894891215, 62.507999999999996, -9.587672516830327e-05
3.23, 1076, 317, 1.5890608429394584, 62.507999999999996, -9.587672516830327e-05
3.25, 1076, 318, 1.5888690894891215, 62.507999999999996, -9.587672516830327e-05
3.26, 1076, 319, 1.5891567196646268, 62.507999999999996, -9.587672516830327e-05
3.27, 1076, 319, 1.58896496621429, 62.507999999999996, -9.587672516830327e-05
3.2800000000000002, 1076, 320, 1.5887732127639536, 62.507999999999996, 0.0
3.29, 1076, 321, 1.58896496621429, 62.507999999999996, -9.587672516830327e-05
3.3, 1076, 321, 1.5885814593136167, 62.507999999999996, 0.0
3.31, 1076, 322, 1.588293829138112, 62.507999999999996, 0.0
3.32, 1076, 322, 1.5883897058632803, 62.507999999999996, 0.0
3.33, 1076, 323, 1.5881020756877753, 62.507999999999996, 0.0
3.34, 1076, 324, 1.5881020756877753, 62.507999999999996, 0.0
3.35, 1076, 324, 1.5883897058632803, 62.507999999999996, 0.0
3.36, 1076, 325, 1.5883897058632803, 62.507999999999996, 0.0
3.37, 1076, 326, 1.5883897058632803, 62.507999999999996, 0.0
3.39, 1076, 327, 1.5883897058632803, 62.507999999999996, 0.0
3.4, 1076, 327, 1.5883897058632803, 62.507999999999996, 0.0
3.41, 1076, 328, 1.5883897058632803, 62.507999999999996, 0.0
3.42, 1076, 329, 1.5883897058632803, 62.507999999999996, 0.0
3.43, 1076, 329, 1.5883897058632803, 62.507999999999996, 0.0
3.46, 1076, 331, 1.588293829138112, 62.507999999999996, 0.0
3.4699999999999998, 1076, 332, 1.5881979524129437, 62.507999999999996, 0.0
3.48, 1076, 332, 1.5881979524129437, 62.507999999999996, 0.0
3.51, 1075, 334, 1.5881979524129437, 62.507999999999996, -0.0003835069006732131
3.52, 1075, 335, 1.5884855825884485, 62.507999999999996, -0.0003835069006732131
3.5300000000000002, 1075, 335, 1.5885814593136167, 62.507999999999996, -0.0003835069006732131
3.54, 1075, 336, 1.5885814593136167, 62.507999999999996, -0.0003835069006732131
3.55, 1075, 337, 1.5880061989626069, 62.507999999999996, -0.0003835069006732131
3.56, 1075, 337, 1.5876226920619336, 62.507999999999996, -0.0002876301755049098
3.57, 1075, 338, 1.5868556782605874, 62.507999999999996, -0.0002876301755049098
3.58, 1075, 339, 1.5868556782605874, 62.507999999999996, -0.0002876301755049098
3.59, 1075, 339, 1.5871433084360924, 62.507999999999996, -0.0002876301755049098
3.61, 1075, 340, 1.5873350618864288, 62.507999999999996, -0.0002876301755049098
3.63, 1075, 342, 1.5868556782605874, 62.507999999999996, -0.0002876301755049098
3.66, 1075, 344, 1.5857051575585677, 62.507999999999996, -0.0002876301755049098
3.67, 1075, 344, 1.5856092808333995, 62.507999999999996, -0.0002876301755049098
3.68, 1075, 345, 1.5856092808333995, 62.507999999999996, -0.0002876301755049098
3.69, 1075, 345, 1.5850340204823896, 62.507999999999996, -0.00019175345033660654
3.7, 1075, 346, 1.5850340204823896, 62.507999999999996, -0.00019175345033660654
3.71, 1075, 347, 1.5850340204823896, 62.507999999999996, -0.00019175345033660654
3.7199999999999998, 1075, 347, 1.5845546368565482, 62.507999999999996, -0.00019175345033660654
3.73, 1075, 348, 1.584842267032053, 62.507999999999996, -0.00019175345033660654
3.74, 1075, 349, 1.5850340204823896, 62.507999999999996, -0.00019175345033660654
3.76, 1075, 350, 1.5845546368565482, 62.507999999999996, -0.00019175345033660654
3.7800000000000002, 1075, 351, 1.5834999928796967, 62.507999999999996, -0.00019175345033660654
3.79, 1075, 352, 1.5836917463300333, 62.507999999999996, -0.00019175345033660654
3.81, 1075, 353, 1.583595869604865, 62.507999999999996, -0.00019175345033660654
3.83, 1075, 354, 1.5837876230552017, 62.507999999999996, -0.00019175345033660654
3.85, 1075, 355, 1.583595869604865, 62.507999999999996, -0.00019175345033660654
3.86, 1075, 356, 1.5833082394293603, 62.507999999999996, -0.00019175345033660654
3.87, 1075, 357, 1.5832123627041919, 62.507999999999996, -9.587672516830327e-05
3.89, 1075, 358, 1.5831164859790234, 62.507999999999996, -9.587672516830327e-05
3.9, 1075, 358, 1.5831164859790234, 62.507999999999996, -9.587672516830327e-05
3.91, 1075, 359, 1.5831164859790234, 62.507999999999996, -9.587672516830327e-05
3.92, 1075, 360, 1.5828288558035186, 62.507999999999996, -9.587672516830327e-05
3.93, 1075, 360, 1.5825412256280138, 62.507999999999996, -9.587672516830327e-05
3.94, 1075, 361, 1.5822535954525088, 62.507999999999996, -9.587672516830327e-05
3.95, 1075, 362, 1.581965965277004, 62.507999999999996, -9.587672516830327e-05
3.96, 1075, 362, 1.581774211826667, 62.507999999999996, -9.587672516830327e-05
3.9699999999999998, 1075, 363, 1.5820618420021721, 62.507999999999996, -9.587672516830327e-05
3.99, 1075, 364, 1.5821577187273406, 62.507999999999996, -9.587672516830327e-05
4.0, 1075, 365, 1.5824453489028454, 62.507999999999996, -9.587672516830327e-05
4.03, 1075, 367, 1.5822535954525088, 62.507999999999996, -9.587672516830327e-05
4.04, 1075, 367, 1.5820618420021721, 62.507999999999996, -9.587672516830327e-05
4.05, 1075, 368, 1.5816783351014991, 62.507999999999996, -9.587672516830327e-05
4.06, 1075, 368, 1.5820618420021721, 62.507999999999996, -9.587672516830327e-05
4.07, 1075, 369, 1.5818700885518355, 62.507999999999996, -9.587672516830327e-05
4.08, 1075, 370, 1.5815824583763307, 62.507999999999996, -9.587672516830327e-05
4.09, 1075, 370, 1.581965965277004, 62.507999999999996, -9.587672516830327e-05
4.1, 1075, 371, 1.5815824583763307, 62.507999999999996, -9.587672516830327e-05
4.13, 1075, 373, 1.581390704925994, 62.507999999999996, -9.587672516830327e-05
4.15, 1075, 374, 1.5814865816511623, 62.507999999999996, -9.587672516830327e-05
4.17, 1075, 375, 1.5809113213001527, 62.507999999999996, 0.0
4.18, 1075, 376, 1.5811989514756575, 62.507999999999996, -9.587672516830327e-05
4.19, 1075, 377, 1.5808154445749842, 62.507999999999996, 0.0
4.21, 1075, 378, 1.5811989514756575, 62.507999999999996, -9.587672516830327e-05
4.22, 1075, 378, 1.5808154445749842, 62.507999999999996, 0.0
4.23, 1075, 379, 1.5808154445749842, 62.507999999999996, 0.0
4.24, 1075, 380, 1.581103074750489, 62.507999999999996, -9.587672516830327e-05
4.25, 1075, 380, 1.580719567849816, 62.507999999999996, 0.0
4.26, 1075, 381, 1.5806236911246476, 62.507999999999996, 0.0
4.27, 1075, 382, 1.5810071980253209, 62.507999999999996, -9.587672516830327e-05
4.28, 1075, 382, 1.580719567849816, 62.507999999999996, 0.0
4.29, 1075, 383, 1.5806236911246476, 62.507999999999996, 0.0
4.3, 1075, 383, 1.5810071980253209, 62.507999999999996, -9.587672516830327e-05
4.31, 1075, 384, 1.5806236911246476, 62.507999999999996, 0.0
4.33, 1075, 385, 1.5808154445749842, 62.507999999999996, 0.0
4.34, 1075, 386, 1.5806236911246476, 62.507999999999996, 0.0
4.35, 1075, 387, 1.5806236911246476, 62.507999999999996, 0.0
4.36, 1075, 387, 1.5808154445749842, 62.507999999999996, 0.0
4.38, 1075, 388, 1.5805278143994792, 62.507999999999996, 0.0
4.39, 1075, 389, 1.580719567849816, 62.507999999999996, 0.0
4.41, 1075, 390, 1.5806236911246476, 62.507999999999996, 0.0
4.42, 1075, 391, 1.580719567849816, 62.507999999999996, 0.0
4.43, 1075, 391, 1.580719567849816, 62.507999999999996, 0.0
4.44, 1075, 392, 1.580719567849816, 62.507999999999996, 0.0
4.45, 1075, 393, 1.580719567849816, 62.507999999999996, 0.0
4.46, 1075, 393, 1.580719567849816, 62.507999999999996, 0.0
4.47, 1075, 394, 1.580719567849816, 62.507999999999996, 0.0
4.49, 1075, 395, 1.5802401842239744, 62.507999999999996, 0.0
4.5, 1075, 396, 1.5802401842239744, 62.507999999999996, 0.0
4.51, 1075, 396, 1.5802401842239744, 62.507999999999996, 0.0
4.52, 1075, 397, 1.5809113213001527, 62.507999999999996, 0.0
4.53, 1075, 398, 1.5808154445749842, 62.507999999999996, 0.0
4.54, 1075, 398, 1.5808154445749842, 62.507999999999996, 0.0
4.55, 1075, 399, 1.5806236911246476, 62.507999999999996, 0.0
4.5600000000000005, 1075, 400, 1.580048430773638, 62.507999999999996, 0.0
4.59, 1075, 401, 1.5798566773233012, 62.507999999999996, 0.0
4.6, 1075, 402, 1.5799525540484696, 62.507999999999996, 0.0
4.61, 1075, 403, 1.5802401842239744, 62.507999999999996, 0.0
4.62, 1075, 403, 1.5803360609491428, 62.507999999999996, 0.0
4.63, 1075, 404, 1.5806236911246476, 62.507999999999996, 0.0
4.64, 1075, 404, 1.5810071980253209, 62.507999999999996, 0.0
4.66, 1075, 406, 1.5809113213001527, 62.507999999999996, 0.0
4.67, 1075, 406, 1.593662925747537, 62.507999999999996, -0.0005752603510098196
4.68, 1075, 407, 1.593662925747537, 62.507999999999996, -0.0005752603510098196
4.7, 1075, 416, 1.5931835421216953, 62.507999999999996, -0.0004793836258415163
4.71, 1065, 417, 1.5931835421216953, 62.507999999999996, -0.004314452632573647
4.73, 1065, 418, 1.593087665396527, 62.507999999999996, -0.00441032935774195
4.74, 1065, 419, 1.592704158495854, 62.507999999999996, -0.00441032935774195
4.76, 1065, 420, 1.5897319800156364, 62.507999999999996, -0.004314452632573647
4.77, 1065, 421, 1.5866639248102508, 62.507999999999996, -0.004218575907405343
4.79, 1065, 422, 1.580048430773638, 62.507999999999996, -0.003930945731900433
4.8, 1065, 423, 1.577268005743757, 62.507999999999996, -0.003930945731900433
4.8100000000000005, 1065, 423, 1.5749669643397177, 62.507999999999996, -0.0038350690067321305
4.82, 1065, 424, 1.5723782927601735, 62.507999999999996, -0.003739192281563827
4.84, 1065, 425, 1.5669133194255802, 62.507999999999996, -0.003547438831227221
4.85, 1065, 426, 1.5647081547467092, 62.507999999999996, -0.0034515621060589178
4.86, 1065, 426, 1.5625029900678384, 62.507999999999996, -0.0033556853808906144
4.87, 1065, 427, 1.5603937021141356, 62.507999999999996, -0.0033556853808906144
4.88, 1065, 427, 1.5579967839849282, 62.507999999999996, -0.0032598086557223114
4.9, 1065, 429, 1.5531070710013446, 62.507999999999996, -0.0030680552053857046
4.92, 1065, 430, 1.5488884950939394, 62.507999999999996, -0.0029721784802174012
4.93, 1065, 431, 1.5470668373157415, 62.507999999999996, -0.0029721784802174012
4.95, 1065, 432, 1.543135891583841, 62.507999999999996, -0.002780425029880795
4.97, 1065, 433, 1.539013192401604, 62.507999999999996, -0.0026845483047124915
4.99, 1065, 434, 1.5356575070207132, 62.507999999999996, -0.002588671579544188
5.0, 1065, 435, 1.5337399725173473, 62.507999999999996, -0.002588671579544188
5.01, 1065, 436, 1.5318224380139813, 62.507999999999996, -0.002492794854375885
5.02, 1065, 436, 1.529521396609942, 62.507999999999996, -0.0023969181292075818
5.03, 1065, 437, 1.527603862106576, 62.507999999999996, -0.0023969181292075818
5.04, 1065, 437, 1.5266450948548929, 62.507999999999996, -0.0023969181292075818
5.06, 1065, 439, 1.5239605465501802, 62.507999999999996, -0.0023969181292075818
5.07, 1065, 439, 1.522522395672656, 62.507999999999996, -0.0023010414040392784
5.08, 1065, 440, 1.520317230993785, 62.507999999999996, -0.002205164678870975
5.09, 1065, 441, 1.5183038197652505, 62.507999999999996, -0.002205164678870975
5.1, 1065, 441, 1.5169615456128942, 62.507999999999996, -0.002205164678870975
5.11, 1065, 442, 1.515619271460538, 62.507999999999996, -0.0021092879537026716
5.12, 1065, 442, 1.514660504208855, 62.507999999999996, -0.0021092879537026716
5.15, 1065, 444, 1.5090996541490933, 62.507999999999996, -0.0020134112285343686
5.16, 1065, 445, 1.506510982569549, 62.507999999999996, -0.0019175345033660652
5.17, 1065, 445, 1.5044975713410147, 62.507999999999996, -0.001821657778197762
5.18, 1065, 446, 1.5031552971886588, 62.507999999999996, -0.001821657778197762
5.2, 1065, 447, 1.5021006532118073, 62.507999999999996, -0.0019175345033660652
5.21, 1065, 448, 1.501717146311134, 62.507999999999996, -0.0019175345033660652
5.22, 1065, 449, 1.5009501325097876, 62.507999999999996, -0.0019175345033660652
5.23, 1065, 449, 1.5001831187084413, 62.507999999999996, -0.0019175345033660652
5.24, 1065, 450, 1.498840844556085, 62.507999999999996, -0.0019175345033660652
5.25, 1065, 451, 1.4967315566023822, 62.507999999999996, -0.0019175345033660652
5.27, 1065, 452, 1.4917459668936306, 62.507999999999996, -0.0017257810530294589
5.28, 1065, 452, 1.490020185840601, 62.507999999999996, -0.0017257810530294589
5.29, 1065, 453, 1.4887737884134131, 62.507999999999996, -0.0017257810530294589
5.3, 1065, 454, 1.4883902815127399, 62.507999999999996, -0.0017257810530294589
5.31, 1065, 454, 1.4882944047875715, 62.507999999999996, -0.0017257810530294589
5.32, 1065, 455, 1.4870480073603836, 62.507999999999996, -0.001821657778197762
5.35, 1065, 457, 1.483021184903315, 62.507999999999996, -0.001821657778197762
5.37, 1065, 458, 1.4813912805754539, 62.507999999999996, -0.001821657778197762
5.38, 1065, 459, 1.481199527125117, 62.507999999999996, -0.001821657778197762
5.4, 1065, 460, 1.4794737460720877, 62.507999999999996, -0.0019175345033660652
5.41, 1065, 460, 1.4781314719197316, 62.507999999999996, -0.001821657778197762
5.42, 1066, 461, 1.4760221839660288, 62.507999999999996, -0.0011505207020196392
5.43, 1066, 462, 1.4743922796381677, 62.507999999999996, -0.0011505207020196392
5.45, 1066, 463, 1.4710365942572772, 62.507999999999996, -0.0011505207020196392
5.47, 1066, 464, 1.4690231830287428, 62.507999999999996, -0.0011505207020196392
5.48, 1066, 465, 1.4685437994029011, 62.507999999999996, -0.0012463974271879426
5.52, 1066, 467, 1.4672015252505448, 62.507999999999996, -0.0013422741523562457
5.53, 1066, 468, 1.4668180183498718, 62.507999999999996, -0.001438150877524549
5.55, 1066, 469, 1.464708730396169, 62.507999999999996, -0.001438150877524549
5.5600000000000005, 1066, 470, 1.4629829493431394, 62.507999999999996, -0.001438150877524549
5.58, 1067, 471, 1.4597231406874172, 62.507999999999996, -0.0006711370761781229
5.59, 1067, 472, 1.458380866535061, 62.507999999999996, 0.0023969181292075818
5.6, 1067, 472, 1.4579973596343878, 62.507999999999996, 0.0023969181292075818
5.61, 1067, 473, 1.4579014829092194, 62.507999999999996, 0.024065058017244123
5.62, 1067, 473, 1.4572303458330413, 62.507999999999996, 0.024065058017244123
5.64, 1067, 475, 1.458956126886071, 62.507999999999996, 0.024065058017244123
5.65, 1067, 475, 1.4624076889921296, 62.507999999999996, 0.023873304566907512
5.66, 1067, 476, 1.468256169227396, 62.507999999999996, 0.023681551116570908
5.6899999999999995, 1067, 477, 1.4946222686486796, 62.507999999999996, 0.02253103041455127
5.71, 1067, 478, 1.5163862852618846, 62.507999999999996, 0.02176401661320484
5.73, 1067, 479, 1.5398760829281186, 62.507999999999996, 0.02090112608669011
5.75, 1067, 480, 1.5644205245712044, 62.507999999999996, 0.020038235560175383
5.76, 1067, 481, 1.5764051152172422, 62.507999999999996, 0.019654728659502168
5.77, 1067, 482, 1.5893484731149632, 62.507999999999996, 0.019271221758828956
5.79, 1067, 483, 1.6143722983838904, 62.507999999999996, 0.018408331232314227
5.8, 1067, 483, 1.6261651355795919, 62.507999999999996, 0.017928947606472713
5.8100000000000005, 1067, 484, 1.6374785891494517, 62.507999999999996, 0.017545440705799498
5.82, 1067, 484, 1.6488879194444797, 62.507999999999996, 0.017066057079957984
5.83, 1067, 485, 1.6610642635408541, 62.507999999999996, 0.01677842690445307
5.85, 1067, 486, 1.6861839655349495, 62.507999999999996, 0.015819659652770036
5.86, 1067, 487, 1.6985520630816608, 62.507999999999996, 0.015436152752096826
5.87, 1067, 487, 1.7105366537276987, 62.507999999999996, 0.014956769126255308
5.88, 1067, 488, 1.7223294909233997, 62.507999999999996, 0.0146691389507504
5.9, 1067, 489, 1.7445728911624463, 62.507999999999996, 0.013902125149403973
5.92, 1067, 490, 1.7646111267226217, 62.507999999999996, 0.013135111348057548
5.93, 1067, 491, 1.7741029225142837, 62.507999999999996, 0.01294335789772094
5.9399999999999995, 1067, 491, 1.7841699786569556, 62.507999999999996, 0.012559850997047728
5.95, 1067, 492, 1.7939494046241224, 62.507999999999996, 0.012272220821542819
5.96, 1067, 492, 1.8034412004157843, 62.507999999999996, 0.011888713920869605
5.97, 1067, 493, 1.81274124275711, 62.507999999999996, 0.011601083745364695
5.98, 1067, 494, 1.821561901472594, 62.507999999999996, 0.011409330295028088
5.99, 1066, 494, 1.8293279162112264, 62.507999999999996, 0.010834069944018268
6.0, 1066, 495, 1.8369980542246906, 62.507999999999996, 0.010738193218849966
6.01, 1066, 495, 1.8447640689633231, 62.507999999999996, 0.010354686318176752
6.02, 1066, 496, 1.8521465768012824, 62.507999999999996, 0.010258809593008449
6.04, 1066, 497, 1.8690208804309039, 62.507999999999996, 0.00968354924199863
6.05, 1065, 498, 1.8764033882688633, 62.507999999999996, 0.009300042341325417
6.06, 1065, 498, 1.8834023892061493, 62.507999999999996, 0.009012412165820508
6.07, 1065, 499, 1.8900178832427623, 62.507999999999996, 0.008916535440652204
6.09, 1065, 500, 1.9043035152928396, 62.507999999999996, 0.008437151814810686
6.1, 1064, 501, 1.9121654067566403, 62.507999999999996, 0.008053644914137474
6.11, 1064, 501, 1.9192602844190947, 62.507999999999996, 0.007670138013464261
6.12, 1064, 502, 1.9258757784557077, 62.507999999999996, 0.007574261288295958
6.13, 1064, 502, 1.9316283819658058, 62.507999999999996, 0.007382507837959351
6.14, 1064, 503, 1.937285108750736, 62.507999999999996, 0.007382507837959351
6.15, 1063, 504, 1.9428459588104974, 62.507999999999996, 0.0069990009372861385
6.18, 1063, 505, 1.9593367555394456, 62.507999999999996, 0.006423740586276319
6.19, 1062, 506, 1.9644182219733655, 62.507999999999996, 0.006136110410771409
6.22, 1062, 508, 1.9786079772982745, 62.507999999999996, 0.0059443569604348025
6.23, 1062, 508, 1.9826347997553433, 62.507999999999996, 0.005752603510098196
6.24, 1061, 509, 1.9864698687620752, 62.507999999999996, 0.005464973334593286
6.25, 1061, 509, 1.9902090610436391, 62.507999999999996, 0.00527321988425668
6.26, 1061, 510, 1.993660623149698, 62.507999999999996, 0.005369096609424983
6.28, 1060, 511, 2.003056542216192, 62.507999999999996, 0.0048897129835834665
6.3, 1060, 512, 2.012356584557517, 62.507999999999996, 0.004602082808078557
6.31, 1059, 513, 2.015999900113913, 62.507999999999996, 0.004314452632573647
6.34, 1059, 514, 2.026258709706921, 62.507999999999996, 0.00412269918223704
6.35, 1058, 515, 2.0298061485381482, 62.507999999999996, 0.0038350690067321305
6.37, 1058, 516, 2.0361340123992564, 62.507999999999996, 0.0038350690067321305
6.39, 1057, 517, 2.0431330133365426, 62.507999999999996, 0.0034515621060589178
6.41, 1057, 518, 2.048981493571809, 62.507999999999996, 0.0034515621060589178
6.45, 1056, 520, 2.0588567962641444, 62.507999999999996, 0.0030680552053857046
6.47, 1055, 521, 2.062883618721213, 62.507999999999996, 0.002780425029880795
6.48, 1055, 522, 2.064513523049074, 62.507999999999996, 0.0029721784802174012
6.49, 1054, 522, 2.066047550651767, 62.507999999999996, 0.002492794854375885
6.51, 1054, 524, 2.0696908662081626, 62.507999999999996, 0.002876301755049098
6.52, 1054, 524, 2.0719919076122015, 62.507999999999996, 0.002780425029880795
6.53, 1053, 525, 2.0747723326420826, 62.507999999999996, 0.002492794854375885
6.54, 1053, 525, 2.0781280180229733, 62.507999999999996, 0.0023010414040392784
6.55, 1053, 526, 2.0812919499535276, 62.507999999999996, 0.0023969181292075818
6.5600000000000005, 1052, 526, 2.0837847448079034, 62.507999999999996, 0.0019175345033660652
6.57, 1052, 527, 2.085894032761606, 62.507999999999996, 0.0021092879537026716
6.59, 1051, 528, 2.0893455948676647, 62.507999999999996, 0.001821657778197762
6.61, 1051, 529, 2.085894032761606, 62.507999999999996, 0.002205164678870975
6.62, 1050, 535, 2.086565169837784, 62.507999999999996, 0.0034515621060589178
6.63, 1050, 536, 2.0876198138146354, 62.507999999999996, 0.003643315556395524
6.64, 1045, 537, 2.0891538414173283, 62.507999999999996, 0.0017257810530294589
6.65, 1045, 537, 2.0911672526458625, 62.507999999999996, 0.0016299043278611557
6.67, 1044, 538, 2.0952899518280996, 62.507999999999996, 0.0012463974271879426
6.68, 1044, 539, 2.0966322259804557, 62.507999999999996, 0.0015340276026928523
6.6899999999999995, 1043, 539, 2.097303363056634, 62.507999999999996, 0.0009587672516830326
6.7, 1043, 540, 2.097878623407644, 62.507999999999996, 0.0012463974271879426
6.71, 1043, 540, 2.0981662535831487, 62.507999999999996, 0.0012463974271879426
6.72, 1042, 541, 2.098453883758654, 62.507999999999996, 0.0010546439768513358
6.73, 1042, 542, 2.099892034636178, 62.507999999999996, 0.0013422741523562457
6.74, 1042, 542, 2.101426062238871, 62.507999999999996, 0.0012463974271879426
6.75, 1041, 543, 2.103343596742237, 62.507999999999996, 0.0009587672516830326
6.77, 1041, 544, 2.1059322683217814, 62.507999999999996, 0.0011505207020196392
6.79, 1040, 545, 2.1069869122986327, 62.507999999999996, 0.0009587672516830326
6.8, 1040, 545, 2.1070827890238006, 62.507999999999996, 0.0009587672516830326
6.8100000000000005, 1039, 546, 2.1073704191993055, 62.507999999999996, 0.0007670138013464262
6.82, 1039, 546, 2.1073704191993055, 62.507999999999996, 0.0007670138013464262
6.83, 1039, 547, 2.1074662959244743, 62.507999999999996, 0.0010546439768513358
6.84, 1038, 547, 2.107849802825147, 62.507999999999996, 0.0004793836258415163
6.85, 1038, 548, 2.108712693351662, 62.507999999999996, 0.0008628905265147294
6.86, 1038, 548, 2.110054967504018, 62.507999999999996, 0.0007670138013464262
6.87, 1038, 549, 2.111493118381543, 62.507999999999996, 0.0010546439768513358
6.88, 1037, 549, 2.112547762358394, 62.507999999999996, 0.0003835069006732131
6.89, 1037, 550, 2.1135065296100772, 62.507999999999996, 0.0007670138013464262
6.9, 1037, 551, 2.113985913235919, 62.507999999999996, 0.0010546439768513358
6.91, 1036, 551, 2.113985913235919, 62.507999999999996, 0.0004793836258415163
6.92, 1036, 552, 2.1142735434114237, 62.507999999999996, 0.0008628905265147294
6.93, 1036, 552, 2.1142735434114237, 62.507999999999996, 0.0008628905265147294
6.9399999999999995, 1035, 553, 2.1143694201365917, 62.507999999999996, 0.0006711370761781229
6.95, 1035, 553, 2.1145611735869285, 62.507999999999996, 0.0006711370761781229
6.96, 1035, 554, 2.1149446804876018, 62.507999999999996, 0.0009587672516830326
6.97, 1034, 554, 2.115328187388275, 62.507999999999996, 0.0003835069006732131
6.98, 1034, 555, 2.115807571014116, 62.507999999999996, 0.0007670138013464262
6.99, 1034, 555, 2.1164787080902947, 62.507999999999996, 0.0007670138013464262
7.0, 1033, 556, 2.1171498451664728, 62.507999999999996, 0.0004793836258415163
7.01, 1033, 556, 2.1181086124181556, 62.507999999999996, 0.0004793836258415163
7.02, 1033, 557, 2.1192591331201753, 62.507999999999996, 0.0007670138013464262
7.03, 1032, 557, 2.119738516746017, 62.507999999999996, 9.587672516830327e-05
7.05, 1032, 559, 2.1205055305473635, 62.507999999999996, 0.0008628905265147294
7.08, 1031, 560, 2.121080790898373, 62.507999999999996, 0.0006711370761781229
7.09, 1030, 561, 2.121751927974551, 62.507999999999996, 0.0003835069006732131
7.1, 1030, 561, 2.122231311600393, 62.507999999999996, -0.0019175345033660652
7.11, 1030, 562, 2.1229024486765713, 62.507999999999996, 0.027324866672966432
7.12, 1029, 562, 2.1230942021269072, 62.507999999999996, 0.027324866672966432
7.13, 1029, 563, 2.1237653392030857, 62.507999999999996, 0.027612496848471342
7.14, 1029, 563, 2.1260663806071247, 62.507999999999996, 0.027516620123303036
7.15, 1029, 564, 2.1297096961635207, 62.507999999999996, 0.027612496848471342
7.16, 1028, 564, 2.136229313474965, 62.507999999999996, 0.027420743398134734
7.17, 1028, 565, 2.144954095465281, 62.507999999999996, 0.027324866672966432
7.18, 1028, 565, 2.154829398157616, 62.507999999999996, 0.026941359772293217
7.19, 1028, 565, 2.166526358628149, 62.507999999999996, 0.026366099421283398
7.21, 1027, 566, 2.1903996631950564, 62.507999999999996, 0.025694962345105276
7.22, 1027, 566, 2.2030553909172723, 62.507999999999996, 0.02521557871926376
7.25, 1026, 568, 2.24217309478594, 62.507999999999996, 0.024065058017244123
7.26, 1025, 568, 2.2556917130346705, 62.507999999999996, 0.023393920941065998
7.27, 1025, 569, 2.2691144545582334, 62.507999999999996, 0.02310629076556109
7.28, 1025, 569, 2.282153689181123, 62.507999999999996, 0.02262690713971957
7.29, 1024, 570, 2.296247567780863, 62.507999999999996, 0.022147523513878057
7.3, 1024, 570, 2.3096703093044257, 62.507999999999996, 0.021572263162868234
7.31, 1023, 570, 2.323380681003493, 62.507999999999996, 0.02090112608669011
7.32, 1023, 571, 2.3367075458018873, 62.507999999999996, 0.020709372636353505
7.34, 1022, 572, 2.362498384872161, 62.507999999999996, 0.019846482109838776
7.35, 1022, 572, 2.3753458660447135, 62.507999999999996, 0.01936709848399726
7.36, 1021, 573, 2.3880015937669294, 62.507999999999996, 0.01898359158332405
7.37, 1021, 573, 2.4006573214891453, 62.507999999999996, 0.018408331232314227
7.38, 1020, 573, 2.4132171724861933, 62.507999999999996, 0.017833070881304407
7.39, 1020, 574, 2.425201763132231, 62.507999999999996, 0.0176413174309678
7.4, 1019, 574, 2.438049244304784, 62.507999999999996, 0.017066057079957984
7.41, 1019, 575, 2.45012971167599, 62.507999999999996, 0.016874303629621373
7.42, 1019, 575, 2.462210179047196, 62.507999999999996, 0.016299043278611557
7.45, 1017, 576, 2.5003691156641805, 62.507999999999996, 0.014860892401087006
7.46, 1017, 576, 2.5136001037374065, 62.507999999999996, 0.01438150877524549
7.47, 1016, 577, 2.525968201284118, 62.507999999999996, 0.013998001874572277
7.48, 1016, 577, 2.5374734083043142, 62.507999999999996, 0.01351861824873076
7.5, 1015, 578, 2.5587580412916777, 62.507999999999996, 0.01294335789772094
7.51, 1014, 578, 2.5689209741595174, 62.507999999999996, 0.01236809754671112
7.52, 1014, 578, 2.5787004001266847, 62.507999999999996, 0.011984590646037907
7.53, 1013, 579, 2.5881921959183467, 62.507999999999996, 0.011888713920869605
7.54, 1013, 579, 2.5975881149848403, 62.507999999999996, 0.011505207020196391
7.55, 1012, 579, 2.606888157326166, 62.507999999999996, 0.010929946669186572
7.5600000000000005, 1012, 579, 2.6158046927668184, 62.507999999999996, 0.010642316493681662
7.57, 1011, 580, 2.624337721306797, 62.507999999999996, 0.01054643976851336
7.58, 1011, 580, 2.6332542567474495, 62.507999999999996, 0.010162932867840146
7.6, 1010, 581, 2.649553300026061, 62.507999999999996, 0.009779425967166933
7.61, 1009, 581, 2.657894575115703, 62.507999999999996, 0.009300042341325417
7.62, 1009, 581, 2.6659482200298408, 62.507999999999996, 0.008916535440652204
7.63, 1008, 581, 2.6743853718446515, 62.507999999999996, 0.008533028539978992
7.64, 1008, 582, 2.6819596331329474, 62.507999999999996, 0.008533028539978992
7.66, 1007, 582, 2.6956700048320146, 62.507999999999996, 0.007861891463800867
7.67, 1006, 583, 2.701518485067281, 62.507999999999996, 0.007957768188969172
7.6899999999999995, 1005, 583, 2.71398245933916, 62.507999999999996, 0.007286631112791048
7.7, 1004, 583, 2.719735062849259, 62.507999999999996, 0.0069990009372861385
7.71, 1004, 584, 2.7259670499851985, 62.507999999999996, 0.007094877662454442
7.72, 1003, 584, 2.73152790004496, 62.507999999999996, 0.006711370761781229
7.74, 1002, 584, 2.742170216538642, 62.507999999999996, 0.006231987135939712
7.75, 1002, 585, 2.7471558062473935, 62.507999999999996, 0.006423740586276319
7.76, 1001, 585, 2.7520455192309767, 62.507999999999996, 0.006136110410771409
7.77, 1000, 585, 2.757222862390065, 62.507999999999996, 0.005752603510098196
7.78, 1000, 585, 2.762112575373649, 62.507999999999996, 0.00556085005976159
7.8, 999, 586, 2.7721796315163205, 62.507999999999996, 0.005464973334593286
7.8100000000000005, 998, 586, 2.776494084148894, 62.507999999999996, 0.005177343159088376
7.82, 998, 586, 2.780808536781468, 62.507999999999996, 0.00498558970875177
7.83, 997, 586, 2.784931235963705, 62.507999999999996, 0.00469795953324686
7.84, 996, 587, 2.788766304970437, 62.507999999999996, 0.0048897129835834665
7.85, 996, 587, 2.792601373977169, 62.507999999999996, 0.00469795953324686
7.86, 995, 587, 2.7960529360832282, 62.507999999999996, 0.004506206082910254
7.87, 995, 587, 2.7996962516396233, 62.507999999999996, 0.004314452632573647
7.88, 994, 587, 2.8028601835701776, 62.507999999999996, 0.004026822457068737
7.91, 992, 588, 2.8122561026366717, 62.507999999999996, 0.003930945731900433
7.93, 991, 588, 2.820022117375304, 62.507999999999996, 0.0034515621060589178
7.9399999999999995, 991, 589, 2.823761309656868, 62.507999999999996, 0.003739192281563827
7.96, 989, 589, 2.8309520640444905, 62.507999999999996, 0.0032598086557223114
7.97, 989, 589, 2.833732489074371, 62.507999999999996, 0.003163931930554008
7.98, 988, 589, 2.8360335304784106, 62.507999999999996, 0.0029721784802174012
7.99, 988, 589, 2.8383345718824495, 62.507999999999996, 0.002876301755049098
8.0, 987, 590, 2.8405397365613205, 62.507999999999996, 0.0030680552053857046
8.01, 986, 590, 2.8422655176143503, 62.507999999999996, 0.002876301755049098
8.02, 986, 590, 2.843607791766707, 62.507999999999996, 0.002876301755049098
8.03, 985, 590, 2.845045942644231, 62.507999999999996, 0.0026845483047124915
8.04, 985, 590, 2.847059353872765, 62.507999999999996, 0.002588671579544188
8.05, 984, 591, 2.849360395276805, 62.507999999999996, 0.002876301755049098
8.06, 984, 591, 2.8521408203066856, 62.507999999999996, 0.002780425029880795
8.07, 983, 591, 2.8550171220617346, 62.507999999999996, 0.002492794854375885
8.09, 982, 591, 2.8599068350453183, 62.507999999999996, 0.002205164678870975
8.1, 981, 591, 2.8620161229990204, 62.507999999999996, 0.0020134112285343686
8.11, 980, 592, 2.8638377807772186, 62.507999999999996, 0.0023010414040392784
8.14, 979, 592, 2.8694945075621483, 62.507999999999996, 0.0019175345033660652
8.15, 978, 592, 2.8710285351648412, 62.507999999999996, 0.001821657778197762
8.16, 978, 592, 2.872850192943039, 62.507999999999996, 0.0017257810530294589
8.18, 976, 593, 2.8761100015987613, 62.507999999999996, 0.001821657778197762
8.19, 976, 593, 2.8776440292014542, 62.507999999999996, 0.001821657778197762
8.2, 975, 593, 2.878794549903474, 62.507999999999996, 0.0016299043278611557
8.23, 973, 593, 2.9346906806765944, 62.507999999999996, -0.0008628905265147294
8.26, 972, 594, 2.9360329548289505, 62.507999999999996, -0.0004793836258415163
8.29, 962, 594, 2.9348824341269313, 62.507999999999996, -0.001821657778197762
8.3, 961, 594, 2.9345948039514265, 62.507999999999996, -0.0020134112285343686
8.31, 960, 595, 2.9340195436004164, 62.507999999999996, -0.0015340276026928523
8.32, 960, 595, 2.9339236668752484, 62.507999999999996, -0.0015340276026928523
8.33, 959, 595, 2.9334442832494068, 62.507999999999996, -0.0016299043278611557
8.34, 959, 595, 2.932869022898397, 62.507999999999996, -0.0016299043278611557
8.35, 958, 595, 2.931910255646714, 62.507999999999996, -0.0017257810530294589
8.37, 957, 595, 2.930088597868516, 62.507999999999996, -0.001821657778197762
8.38, 956, 595, 2.929225707342001, 62.507999999999996, -0.0020134112285343686
8.4, 955, 596, 2.9265411590372885, 62.507999999999996, -0.0013422741523562457
8.42, 954, 596, 2.9571258343659776, 62.507999999999996, -0.002780425029880795
8.49, 950, 598, 2.9503185868790283, 62.507999999999996, -0.001821657778197762
8.5, 950, 598, 2.948688682551167, 62.507999999999996, 0.038063059891816395
8.51, 949, 598, 2.946867024772969, 62.507999999999996, 0.03854244351765791
8.52, 949, 598, 2.945812380796118, 62.507999999999996, 0.021955770063541446
8.53, 948, 598, 2.9456206273457815, 62.507999999999996, 0.02205164678870975
8.54, 948, 598, 2.9476340385743156, 62.507999999999996, 0.021955770063541446
8.56, 947, 598, 2.9608650266475416, 62.507999999999996, 0.02138050971253163
8.57, 946, 598, 2.9715073431412233, 62.507999999999996, 0.02090112608669011
8.58, 946, 599, 2.982245536360073, 62.507999999999996, 0.020805249361521807
8.59, 946, 599, 2.9933672364795965, 62.507999999999996, 0.020325865735680293
8.6, 945, 599, 3.0046806900494563, 62.507999999999996, 0.019846482109838776
8.61, 944, 599, 3.0163776505199893, 62.507999999999996, 0.01936709848399726
8.62, 944, 599, 3.0285539946163635, 62.507999999999996, 0.01888771485815574
8.63, 943, 599, 3.040155078361728, 62.507999999999996, 0.018312454507145925
8.64, 943, 599, 3.051180901756083, 62.507999999999996, 0.017928947606472713
8.65, 942, 599, 3.062206725150438, 62.507999999999996, 0.017449563980631196
8.68, 940, 599, 3.0983522505388885, 62.507999999999996, 0.015915536377938345
8.69, 940, 599, 3.1098574575590847, 62.507999999999996, 0.015436152752096826
8.71, 939, 599, 3.130950337096112, 62.507999999999996, 0.014573262225582096
8.72, 938, 599, 3.1406338863381102, 62.507999999999996, 0.014189755324908885
8.75, 936, 599, -3.1123502524134605, 62.507999999999996, 0.01294335789772094
8.76, 936, 599, -3.1024749497211253, 62.507999999999996, 0.012463974271879424
8.77, 935, 599, -3.0935584142804733, 62.507999999999996, 0.012080467371206213
8.78, 935, 599, -3.0844501253894845, 62.507999999999996, 0.011696960470532999
8.79, 934, 599, -3.075821220124337, 62.507999999999996, 0.011409330295028088
8.8, 933, 599, -3.0679593286605362, 62.507999999999996, 0.011025823394354876
8.81, 933, 599, -3.060001560471567, 62.507999999999996, 0.010738193218849966
8.82, 932, 599, -3.0519479155574296, 62.507999999999996, 0.010354686318176752
8.83, 931, 599, -3.0440860240936285, 62.507999999999996, 0.010067056142671843
8.84, 931, 599, -3.036607639530501, 62.507999999999996, 0.009779425967166933
8.85, 930, 599, -3.0297045153183833, 62.507999999999996, 0.009491795791662025
8.86, 930, 599, -3.022897267831434, 62.507999999999996, 0.009204165616157113
8.87, 929, 599, -3.016090020344484, 62.507999999999996, 0.008916535440652204
8.88, 929, 599, -3.0091868961323662, 62.507999999999996, 0.008628905265147294
8.89, 928, 599, -3.002092018469912, 62.507999999999996, 0.008437151814810686
8.9, 927, 599, -2.9953806477081306, 62.507999999999996, 0.00824539836447408
8.93, 925, 599, -2.9770681932009846, 62.507999999999996, 0.007670138013464261
8.95, 924, 599, -2.9656588629059564, 62.507999999999996, 0.007382507837959351
8.97, 923, 599, -2.9527155050082357, 62.507999999999996, 0.0069031242121178355
8.99, 922, 598, -2.9415938048887127, 62.507999999999996, 0.006231987135939712
9.0, 921, 598, -2.9372793522561387, 62.507999999999996, 0.006231987135939712
9.01, 921, 598, -2.933156653073902, 62.507999999999996, 0.006040233685603106
9.03, 919, 598, -2.923760734007408, 62.507999999999996, 0.0058484802352664995
9.04, 919, 598, -2.919062774474161, 62.507999999999996, 0.005656726784929893
9.05, 918, 598, -2.9146524451164195, 62.507999999999996, 0.00556085005976159
9.08, 916, 597, -2.9029554846458865, 62.507999999999996, 0.005081466433920073
9.09, 916, 597, -2.898736908738481, 62.507999999999996, 0.0048897129835834665
9.1, 915, 597, -2.894326579380739, 62.507999999999996, 0.0047938362584151635
9.11, 915, 597, -2.890491510374007, 62.507999999999996, 0.004602082808078557
9.14, 913, 596, -2.8797533171551573, 62.507999999999996, 0.00412269918223704
9.15, 912, 596, -2.8761100015987613, 62.507999999999996, 0.004026822457068737
9.16, 912, 596, -2.8724666860423658, 62.507999999999996, 0.003930945731900433
9.17, 911, 596, -2.869111000661475, 62.507999999999996, 0.003930945731900433
9.18, 910, 596, -2.865947068730921, 62.507999999999996, 0.003930945731900433
9.2, 909, 595, -2.8597150815949814, 62.507999999999996, 0.0034515621060589178
9.21, 909, 595, -2.856742903114764, 62.507999999999996, 0.0033556853808906144
9.22, 908, 595, -2.855112998786903, 62.507999999999996, 0.0034515621060589178
9.23, 908, 595, -2.8540583548100518, 62.507999999999996, 0.0033556853808906144
9.24, 907, 595, -2.8523325737570224, 62.507999999999996, 0.0033556853808906144
9.25, 906, 594, -2.850798546154329, 62.507999999999996, 0.003163931930554008
9.27, 905, 594, -2.8444706822932213, 62.507999999999996, 0.0029721784802174012
9.29, 904, 594, -2.8385263253327864, 62.507999999999996, 0.002876301755049098
9.3, 903, 593, -2.8359376537532426, 62.507999999999996, 0.002588671579544188
9.31, 903, 593, -2.8335407356240347, 62.507999999999996, 0.002492794854375885
9.32, 902, 593, -2.831623201120669, 62.507999999999996, 0.002492794854375885
9.33, 902, 593, -2.829801543342471, 62.507999999999996, 0.002492794854375885
9.35, 900, 592, -2.825678844160234, 62.507999999999996, 0.002205164678870975
9.36, 900, 592, -2.8236654329316995, 62.507999999999996, 0.0021092879537026716
9.4, 897, 592, -2.8173375690705913, 62.507999999999996, 0.0023010414040392784
9.41, 897, 591, -2.8158994181930668, 62.507999999999996, 0.001821657778197762
9.42, 896, 591, -2.814173637140038, 62.507999999999996, 0.0019175345033660652
9.43, 896, 591, -2.8123519793618397, 62.507999999999996, 0.001821657778197762
9.44, 895, 591, -2.810242691408137, 62.507999999999996, 0.0019175345033660652
9.45, 894, 591, -2.8086127870802757, 62.507999999999996, 0.0020134112285343686
9.47, 893, 590, -2.806982882752415, 62.507999999999996, 0.0017257810530294589
9.48, 893, 590, -2.806024115500732, 62.507999999999996, 0.0016299043278611557
9.5, 891, 589, -2.803627197371524, 62.507999999999996, 0.001438150877524549
9.51, 891, 589, -2.8019014163184943, 62.507999999999996, 0.001438150877524549
9.53, 890, 589, -2.798641607662772, 62.507999999999996, 0.001438150877524549
9.54, 889, 589, -2.796724073159406, 62.507999999999996, 0.0015340276026928523
9.55, 889, 588, -2.7955735524573866, 62.507999999999996, 0.0010546439768513358
9.56, 888, 588, -2.794423031755367, 62.507999999999996, 0.0011505207020196392
9.57, 887, 588, -2.7938477714043572, 62.507999999999996, 0.0013422741523562457
9.6, 886, 587, -2.792889004152674, 62.507999999999996, 0.0010546439768513358
9.61, 885, 587, -2.792217867076496, 62.507999999999996, 0.0011505207020196392
9.62, 884, 587, -2.7918343601758226, 62.507999999999996, 0.0013422741523562457
9.64, 883, 587, -2.7891498118711104, 62.507999999999996, 0.001438150877524549
9.65, 883, 586, -2.7874240308180807, 62.507999999999996, 0.0008628905265147294
9.66, 882, 586, -2.7856023730398833, 62.507999999999996, 0.0009587672516830326
9.67, 882, 586, -2.7841642221623584, 62.507999999999996, 0.0008628905265147294
9.68, 881, 586, -2.7834930850861803, 62.507999999999996, 0.0010546439768513358
9.69, 880, 585, -2.7830137014603387, 62.507999999999996, 0.0007670138013464262
9.7, 880, 585, -2.7938477714043572, 62.507999999999996, 0.0012463974271879426
9.71, 879, 585, -2.7937518946791893, 62.507999999999996, 0.001438150877524549
9.72, 879, 585, -2.7935601412288524, 62.507999999999996, 0.001438150877524549
9.75, 870, 580, -2.792217867076496, 62.507999999999996, 0.0005752603510098196
9.76, 869, 580, -2.7909714696493078, 62.507999999999996, 0.0007670138013464262
9.77, 869, 580, -2.7894374420466153, 62.507999999999996, 0.0006711370761781229
9.78, 868, 580, -2.788095167894259, 62.507999999999996, 0.0008628905265147294
9.79, 868, 579, -2.7872322773677443, 62.507999999999996, 0.0002876301755049098
9.82, 866, 579, -2.786561140291566, 62.507999999999996, 0.0006711370761781229
9.83, 865, 578, -2.7862735101160614, 62.507999999999996, 0.0002876301755049098
9.85, 864, 578, -2.785985879940556, 62.507999999999996, 0.0004793836258415163
9.86, 863, 578, -2.785890003215388, 62.507999999999996, 0.0007670138013464262
9.87, 863, 578, -2.7857941264902197, 62.507999999999996, 0.0007670138013464262
9.88, 862, 577, -2.7855064963147145, 62.507999999999996, 0.0003835069006732131
9.89, 862, 577, -2.784835359238537, 62.507999999999996, 0.0003835069006732131
9.9, 861, 577, -2.784260098887527, 62.507999999999996, 0.0005752603510098196
9.91, 861, 577, -2.783684838536517, 62.507999999999996, 0.0005752603510098196
9.92, 860, 576, -2.7832054549106755, 62.507999999999996, 9.587672516830327e-05
9.93, 859, 576, -2.7825343178344975, 62.507999999999996, 0.0003835069006732131
9.94, 859, 576, -2.7819590574834874, 62.507999999999996, 0.0002876301755049098
9.95, 858, 576, -2.7813837971324777, 62.507999999999996, 0.0005752603510098196
9.96, 858, 576, -2.7812879204073098, 62.507999999999996, 0.0005752603510098196
9.98, 856, 575, -2.781192043682141, 62.507999999999996, 0.0003835069006732131
10.0, 855, 575, -2.780808536781468, 62.507999999999996, 0.0006711370761781229
10.01, 855, 575, -2.7803291531556265, 62.507999999999996, 0.0005752603510098196
10.04, 853, 574, -2.7796580160794484, 62.507999999999996, 0.0004793836258415163
10.06, 852, 573, -2.7797538928046164, 62.507999999999996, 0.0
10.07, 851, 573, -2.7793703859039436, 62.507999999999996, 0.0002876301755049098
10.08, 851, 573, -2.778795125552934, 62.507999999999996, 0.0002876301755049098
10.09, 850, 573, -2.7781239884767555, 62.507999999999996, 0.0004793836258415163
10.1, 849, 573, -2.777548728125746, 62.507999999999996, 0.0007670138013464262
10.11, 849, 572, -2.7772610979502406, 62.507999999999996, 0.0
10.12, 848, 572, -2.7772610979502406, 62.507999999999996, 0.03576201848777712
10.13, 848, 572, -2.7774528514005774, 62.507999999999996, 0.03576201848777712
10.14, 847, 572, -2.7769734677747357, 62.507999999999996, 0.03604964866328203
10.15, 847, 571, -2.774960056546201, 62.507999999999996, 0.03595377193811372
10.17, 846, 571, -2.7629754659001633, 62.507999999999996, 0.03576201848777712
10.18, 845, 571, -2.753196039932997, 62.507999999999996, 0.01649079672894816
10.21, 844, 571, -2.714461842965002, 62.507999999999996, 0.014956769126255308
10.22, 844, 570, -2.7018061152427864, 62.507999999999996, 0.01438150877524549
10.23, 844, 570, -2.6903009082225893, 62.507999999999996, 0.013902125149403973
10.24, 843, 570, -2.6797544684540764, 62.507999999999996, 0.01351861824873076
10.25, 843, 570, -2.670166795937246, 62.507999999999996, 0.013039234622889246
10.26, 842, 569, -2.660962630321089, 62.507999999999996, 0.012655727722216032
10.28, 841, 569, -2.645718231019329, 62.507999999999996, 0.012080467371206213
10.3, 840, 568, -2.6315284756944197, 62.507999999999996, 0.011505207020196391
10.33, 839, 567, -2.606984034051334, 62.507999999999996, 0.010450563043345054
10.34, 838, 567, -2.598355128786187, 62.507999999999996, 0.010067056142671843
10.35, 838, 567, -2.5901097304217124, 62.507999999999996, 0.009779425967166933
10.36, 837, 566, -2.5821519622327433, 62.507999999999996, 0.00939591906649372
10.37, 836, 566, -2.574961207845121, 62.507999999999996, 0.009108288890988811
10.38, 836, 566, -2.568441590533676, 62.507999999999996, 0.0088206587154839
10.4, 835, 565, -2.5557858628114603, 62.507999999999996, 0.008341275089642384
10.42, 834, 565, -2.543034258364076, 62.507999999999996, 0.007766014738632564
10.43, 834, 564, -2.537089901403641, 62.507999999999996, 0.007574261288295958
10.44, 833, 564, -2.5312414211683745, 62.507999999999996, 0.007286631112791048
10.45, 833, 564, -2.525105310757603, 62.507999999999996, 0.0069990009372861385
10.49, 831, 562, -2.5040124312205765, 62.507999999999996, 0.006136110410771409
10.5, 830, 562, -2.499793855313171, 62.507999999999996, 0.0059443569604348025
10.51, 830, 561, -2.4957670328561026, 62.507999999999996, 0.0058484802352664995
10.52, 829, 561, -2.491452580223529, 62.507999999999996, 0.005656726784929893
10.53, 829, 561, -2.487042250865787, 62.507999999999996, 0.005464973334593286
10.54, 828, 560, -2.4827277982332134, 62.507999999999996, 0.00527321988425668
10.55, 828, 560, -2.478317468875471, 62.507999999999996, 0.005081466433920073
10.56, 827, 560, -2.4742906464184027, 62.507999999999996, 0.0048897129835834665
10.58, 826, 559, -2.4660452480539283, 62.507999999999996, 0.004602082808078557
10.59, 826, 558, -2.4625936859478696, 62.507999999999996, 0.00441032935774195
10.6, 825, 558, -2.459046247116642, 62.507999999999996, 0.004314452632573647
10.61, 825, 558, -2.4554029315602466, 62.507999999999996, 0.00412269918223704
10.62, 824, 557, -2.451663739278683, 62.507999999999996, 0.003930945731900433
10.64, 823, 556, -2.4439936012652184, 62.507999999999996, 0.003643315556395524
10.66, 822, 556, -2.438049244304784, 62.507999999999996, 0.0034515621060589178
10.69, 821, 554, -2.430474983016488, 62.507999999999996, 0.0030680552053857046
10.71, 820, 554, -2.425201763132231, 62.507999999999996, 0.002876301755049098
10.72, 820, 553, -2.423188351903697, 62.507999999999996, 0.002780425029880795
10.73, 819, 553, -2.421174940675163, 62.507999999999996, 0.0026845483047124915
10.74, 819, 552, -2.4189697759962914, 62.507999999999996, 0.002588671579544188
10.75, 818, 552, -2.4161893509664107, 62.507999999999996, 0.002492794854375885
10.76, 818, 552, -2.413696556112035, 62.507999999999996, 0.0023969181292075818
10.78, 817, 551, -2.4096697336549657, 62.507999999999996, 0.002205164678870975
10.79, 816, 550, -2.4088068431284513, 62.507999999999996, 0.002205164678870975
10.81, 815, 549, -2.405547034472729, 62.507999999999996, 0.0020134112285343686
10.82, 815, 549, -2.4038212534196997, 62.507999999999996, 0.0020134112285343686
10.84, 814, 548, -2.4003696913136405, 62.507999999999996, 0.001821657778197762
10.85, 814, 548, -2.399219170611621, 62.507999999999996, 0.001821657778197762
10.88, 812, 547, -2.3932748136511863, 62.507999999999996, 0.0015340276026928523
10.9, 811, 546, -2.390110881720632, 62.507999999999996, 0.001438150877524549
10.92, 810, 545, -2.389152114468949, 62.507999999999996, 0.0013422741523562457
10.93, 810, 544, -2.388193347217266, 62.507999999999996, 0.0013422741523562457
10.95, 809, 544, -2.385892305813227, 62.507999999999996, 0.0012463974271879426
10.96, 809, 543, -2.385029415286712, 62.507999999999996, 0.0011505207020196392
10.97, 808, 543, -2.3846459083860387, 62.507999999999996, 0.0011505207020196392
11.0, 807, 541, -2.3823448669819998, 62.507999999999996, 0.0010546439768513358
11.02, 806, 541, -2.3789891816011086, 62.507999999999996, 0.0009587672516830326
11.03, 805, 540, -2.377551030723584, 62.507999999999996, 0.0008628905265147294
11.04, 805, 540, -2.3765922634719017, 62.507999999999996, 0.0008628905265147294
11.05, 805, 539, -2.3763046332963964, 62.507999999999996, 0.0008628905265147294
11.06, 804, 539, -2.376400510021565, 62.507999999999996, 0.0008628905265147294
11.07, 804, 538, -2.3760170031208916, 62.507999999999996, 0.0008628905265147294
11.1, 802, 537, -2.373907715167189, 62.507999999999996, 0.0007670138013464262
11.11, 802, 537, -2.3733324548161794, 62.507999999999996, 0.0006711370761781229
11.12, 801, 536, -2.3728530711903377, 62.507999999999996, 0.0006711370761781229
11.13, 801, 536, -2.3722778108393276, 62.507999999999996, 0.0006711370761781229
11.14, 801, 535, -2.371702550488318, 62.507999999999996, 0.0006711370761781229
11.15, 800, 535, -2.371414920312813, 62.507999999999996, 0.0006711370761781229
11.16, 800, 535, -2.3713190435876443, 62.507999999999996, 0.0006711370761781229
11.19, 798, 533, -2.369497385809447, 62.507999999999996, 0.0005752603510098196
11.2, 798, 533, -2.3530065890804988, 62.507999999999996, 0.0
11.21, 797, 532, -2.352527205454657, 62.507999999999996, -9.587672516830327e-05
11.22, 797, 532, -2.352527205454657, 62.507999999999996, -9.587672516830327e-05
11.24, 796, 524, -2.3522395752791523, 62.507999999999996, -9.587672516830327e-05
11.25, 789, 524, -2.3522395752791523, 62.507999999999996, -9.587672516830327e-05
11.26, 788, 523, -2.3520478218288154, 62.507999999999996, -9.587672516830327e-05
11.27, 788, 523, -2.3519519451036475, 62.507999999999996, -9.587672516830327e-05
11.28, 787, 522, -2.3515684382029742, 62.507999999999996, -9.587672516830327e-05
11.29, 787, 522, -2.3516643149281427, 62.507999999999996, -9.587672516830327e-05
11.3, 787, 521, -2.3516643149281427, 62.507999999999996, -9.587672516830327e-05
11.31, 786, 521, -2.351472561477806, 62.507999999999996, -9.587672516830327e-05
11.32, 786, 521, -2.3517601916533106, 62.507999999999996, -9.587672516830327e-05
11.33, 785, 520, -2.3517601916533106, 62.507999999999996, -9.587672516830327e-05
11.34, 785, 520, -2.3515684382029742, 62.507999999999996, -9.587672516830327e-05
11.36, 784, 519, -2.351856068378479, 62.507999999999996, -9.587672516830327e-05
11.37, 783, 518, -2.3515684382029742, 62.507999999999996, -9.587672516830327e-05
11.39, 783, 517, -2.3519519451036475, 62.507999999999996, -9.587672516830327e-05
11.4, 782, 517, -2.3516643149281427, 62.507999999999996, -9.587672516830327e-05
11.41, 782, 517, -2.3521436985539843, 62.507999999999996, -9.587672516830327e-05
11.42, 781, 516, -2.3521436985539843, 62.507999999999996, -9.587672516830327e-05
11.43, 781, 516, -2.3520478218288154, 62.507999999999996, -9.587672516830327e-05
11.44, 780, 515, -2.352527205454657, 62.507999999999996, -9.587672516830327e-05
11.45, 780, 515, -2.3522395752791523, 62.507999999999996, -9.587672516830327e-05
11.46, 780, 514, -2.3523354520043207, 62.507999999999996, -9.587672516830327e-05
11.47, 779, 514, -2.352814835630162, 62.507999999999996, -9.587672516830327e-05
11.48, 779, 513, -2.3526230821798255, 62.507999999999996, -9.587672516830327e-05
11.49, 778, 513, -2.352718958904994, 62.507999999999996, -9.587672516830327e-05
11.5, 778, 513, -2.3526230821798255, 62.507999999999996, -9.587672516830327e-05
11.51, 777, 512, -2.3522395752791523, 62.507999999999996, -9.587672516830327e-05
11.52, 777, 512, -2.3522395752791523, 62.507999999999996, -9.587672516830327e-05
11.53, 776, 511, -2.3522395752791523, 62.507999999999996, -9.587672516830327e-05
11.54, 776, 511, -2.3522395752791523, 62.507999999999996, -9.587672516830327e-05
11.55, 776, 510, -2.3523354520043207, 62.507999999999996, -9.587672516830327e-05
11.56, 775, 510, -2.3523354520043207, 62.507999999999996, -9.587672516830327e-05
11.57, 775, 509, -2.3523354520043207, 62.507999999999996, -9.587672516830327e-05
11.58, 774, 509, -2.3523354520043207, 62.507999999999996, -9.587672516830327e-05
11.6, 773, 508, -2.3523354520043207, 62.507999999999996, -9.587672516830327e-05
11.61, 773, 508, -2.3523354520043207, 62.507999999999996, -9.587672516830327e-05
11.62, 773, 507, -2.352431328729489, 62.507999999999996, -9.587672516830327e-05
11.65, 771, 506, -2.352718958904994, 62.507999999999996, -9.587672516830327e-05
11.66, 771, 505, -2.352718958904994, 62.507999999999996, -9.587672516830327e-05
11.67, 770, 505, -2.352814835630162, 62.507999999999996, -9.587672516830327e-05
11.68, 770, 505, -2.352814835630162, 62.507999999999996, -9.587672516830327e-05
11.69, 769, 504, -2.352814835630162, 62.507999999999996, -9.587672516830327e-05
11.71, 769, 503, -2.352814835630162, 62.507999999999996, -9.587672516830327e-05
11.75, 767, 502, -2.353390095981172, 62.507999999999996, 0.0
11.76, 766, 501, -2.3534859727063404, 62.507999999999996, 0.0
11.77, 766, 501, -2.353390095981172, 62.507999999999996, 0.0
11.78, 765, 500, -2.3532942192560036, 62.507999999999996, 0.0
11.79, 765, 500, -2.3531983425308356, 62.507999999999996, 0.0
11.8, 765, 499, -2.3531983425308356, 62.507999999999996, 0.0
11.82, 764, 498, -2.353390095981172, 62.507999999999996, 0.0
11.83, 763, 498, -2.353677726156677, 62.507999999999996, 0.0
11.85, 762, 497, -2.3541571097825185, 62.507999999999996, 0.0
11.86, 762, 497, -2.353869479607013, 62.507999999999996, 0.0
11.87, 762, 496, -2.353677726156677, 62.507999999999996, 0.0
11.88, 761, 496, -2.353390095981172, 62.507999999999996, 0.0
11.89, 761, 495, -2.353390095981172, 62.507999999999996, 0.0
11.9, 760, 495, -2.3535818494315084, 62.507999999999996, 0.0
11.91, 760, 494, -2.353677726156677, 62.507999999999996, 0.0
11.92, 759, 494, -2.353869479607013, 62.507999999999996, 0.0
11.93, 759, 494, -2.353965356332182, 62.507999999999996, 0.0
11.94, 758, 493, -2.353965356332182, 62.507999999999996, 0.0
11.95, 758, 493, -2.353869479607013, 62.507999999999996, 0.0
11.96, 758, 492, -2.3537736028818452, 62.507999999999996, 0.0
11.97, 757, 492, -2.353677726156677, 62.507999999999996, 0.0
11.99, 756, 491, -2.3537736028818452, 62.507999999999996, 0.0
12.0, 756, 491, -2.353869479607013, 62.507999999999996, 0.0
12.01, 755, 490, -2.353869479607013, 62.507999999999996, 0.0
12.02, 755, 490, -2.35406123305735, 62.507999999999996, 0.0
12.03, 755, 489, -2.35406123305735, 62.507999999999996, 0.0
12.04, 754, 489, -2.353677726156677, 62.507999999999996, 0.0
12.05, 754, 488, -2.353390095981172, 62.507999999999996, 0.0
12.06, 753, 488, -2.3531983425308356, 62.507999999999996, 0.0
12.08, 752, 487, -2.3535818494315084, 62.507999999999996, 0.0
12.09, 752, 487, -2.353869479607013, 62.507999999999996, 0.0
12.1, 751, 486, -2.35406123305735, 62.507999999999996, 0.0
12.11, 751, 486, -2.353869479607013, 62.507999999999996, 0.0
12.12, 751, 485, -2.353869479607013, 62.507999999999996, 0.0
12.13, 750, 485, -2.3537736028818452, 62.507999999999996, 0.0
12.14, 750, 484, -2.3535818494315084, 62.507999999999996, 0.0
12.16, 749, 483, -2.3535818494315084, 62.507999999999996, 0.0
12.17, 748, 483, -2.3535818494315084, 62.507999999999996, 0.0
12.18, 748, 483, -2.353677726156677, 62.507999999999996, 0.0
12.19, 747, 482, -2.353677726156677, 62.507999999999996, 0.0
12.2, 747, 482, -2.353677726156677, 62.507999999999996, 0.0
12.22, 746, 481, -2.3532942192560036, 62.507999999999996, 0.0
12.23, 746, 480, -2.3531024658056667, 62.507999999999996, 0.0
12.24, 745, 480, -2.3531024658056667, 62.507999999999996, 0.0
12.25, 745, 479, -2.353390095981172, 62.507999999999996, 0.0
12.27, 744, 479, -2.353869479607013, 62.507999999999996, 0.0
12.28, 744, 478, -2.35406123305735, 62.507999999999996, 0.0
12.3, 743, 477, -2.353965356332182, 62.507999999999996, 0.0
12.31, 742, 477, -2.3537736028818452, 62.507999999999996, 0.0
12.32, 742, 476, -2.3534859727063404, 62.507999999999996, 0.0
12.33, 741, 476, -2.3534859727063404, 62.507999999999996, 0.0
12.34, 741, 475, -2.3535818494315084, 62.507999999999996, 0.0
12.36, 740, 475, -2.353869479607013, 62.507999999999996, 0.0
12.37, 740, 474, -2.353869479607013, 62.507999999999996, 0.0
12.38, 739, 474, -2.353869479607013, 62.507999999999996, 0.0
12.39, 739, 473, -2.3537736028818452, 62.507999999999996, 0.0
12.4, 738, 473, -2.3534859727063404, 62.507999999999996, 0.0
12.41, 738, 472, -2.3534859727063404, 62.507999999999996, 0.0
12.43, 737, 472, -2.353677726156677, 62.507999999999996, 0.0
12.44, 736, 471, -2.353965356332182, 62.507999999999996, 0.0
12.45, 736, 471, -2.35406123305735, 62.507999999999996, 0.0
12.46, 736, 470, -2.353965356332182, 62.507999999999996, 0.0
12.47, 735, 470, -2.353869479607013, 62.507999999999996, 0.0
12.48, 735, 469, -2.3535818494315084, 62.507999999999996, 0.0
12.49, 734, 469, -2.3532942192560036, 62.507999999999996, 0.0
12.5, 734, 468, -2.3531983425308356, 62.507999999999996, 0.0
12.51, 733, 468, -2.3531983425308356, 62.507999999999996, 0.0
12.53, 733, 467, -2.353677726156677, 62.507999999999996, 0.0
12.54, 732, 467, -2.353869479607013, 62.507999999999996, 0.0
12.55, 732, 466, -2.353869479607013, 62.507999999999996, 0.0
12.56, 731, 466, -2.353677726156677, 62.507999999999996, 0.0
12.57, 731, 465, -2.353677726156677, 62.507999999999996, 0.0
12.58, 730, 465, -2.353677726156677, 62.507999999999996, 0.0
12.59, 730, 464, -2.353677726156677, 62.507999999999996, 0.0
12.6, 729, 464, -2.353677726156677, 62.507999999999996, 0.0
12.61, 729, 464, -2.353677726156677, 62.507999999999996, 0.0
12.62, 729, 463, -2.353677726156677, 62.507999999999996, 0.0
12.63, 728, 463, -2.353677726156677, 62.507999999999996, 0.0
12.65, 727, 462, -2.353677726156677, 62.507999999999996, 0.0
12.66, 727, 461, -2.353677726156677, 62.507999999999996, 0.0
12.67, 726, 461, -2.3535818494315084, 62.507999999999996, 0.0
12.68, 726, 460, -2.353677726156677, 62.507999999999996, 0.0
12.69, 726, 460, -2.353677726156677, 62.507999999999996, 0.0
12.71, 725, 459, -2.353965356332182, 62.507999999999996, 0.0
12.72, 724, 459, -2.35406123305735, 62.507999999999996, 0.0
12.73, 724, 458, -2.353869479607013, 62.507999999999996, 0.0
12.74, 723, 458, -2.3537736028818452, 62.507999999999996, 0.0
12.75, 723, 457, -2.3537736028818452, 62.507999999999996, 0.0
12.77, 722, 457, -2.353390095981172, 62.507999999999996, 0.0
12.78, 722, 456, -2.3537736028818452, 62.507999999999996, 0.0
12.79, 721, 456, -2.3535818494315084, 62.507999999999996, 0.0
12.8, 721, 455, -2.3535818494315084, 62.507999999999996, 0.0
12.81, 720, 455, -2.353965356332182, 62.507999999999996, 0.0
12.82, 720, 454, -2.353677726156677, 62.507999999999996, 0.0
12.83, 719, 454, -2.353677726156677, 62.507999999999996, 0.0
12.84, 719, 453, -2.35406123305735, 62.507999999999996, 0.0
12.87, 718, 452, -2.3541571097825185, 62.507999999999996, 0.0
12.88, 717, 452, -2.353965356332182, 62.507999999999996, 0.0
12.89, 717, 451, -2.353869479607013, 62.507999999999996, 0.0
12.9, 716, 451, -2.354348863232855, 62.507999999999996, 0.0
12.91, 716, 450, -2.354252986507687, 62.507999999999996, 0.0
12.92, 715, 450, -2.35406123305735, 62.507999999999996, 0.0
12.93, 715, 449, -2.3544447399580233, 62.507999999999996, 0.0
12.94, 715, 449, -2.3541571097825185, 62.507999999999996, 0.0
12.96, 714, 448, -2.3541571097825185, 62.507999999999996, 0.0
12.97, 713, 448, -2.35406123305735, 62.507999999999996, 0.0
12.98, 713, 447, -2.353869479607013, 62.507999999999996, 0.0
12.99, 712, 447, -2.354348863232855, 62.507999999999996, 0.0
13.0, 712, 446, -2.3544447399580233, 62.507999999999996, 0.0
13.01, 711, 446, -2.354252986507687, 62.507999999999996, 0.0
13.02, 711, 445, -2.354732370133528, 62.507999999999996, 0.0
13.05, 710, 444, -2.3544447399580233, 62.507999999999996, 0.0
13.06, 709, 444, -2.354348863232855, 62.507999999999996, 0.0
13.07, 709, 443, -2.353965356332182, 62.507999999999996, 0.0
13.11, 707, 442, -2.3545406166831917, 62.507999999999996, 0.0
13.12, 707, 441, -2.354732370133528, 62.507999999999996, 0.0
13.13, 706, 441, -2.3545406166831917, 62.507999999999996, 0.0
13.14, 706, 440, -2.3545406166831917, 62.507999999999996, 0.0
13.15, 705, 440, -2.354348863232855, 62.507999999999996, 0.0
13.16, 705, 439, -2.35406123305735, 62.507999999999996, 0.0
13.17, 704, 439, -2.354348863232855, 62.507999999999996, 0.0
13.18, 704, 438, -2.354348863232855, 62.507999999999996, 0.0
13.19, 704, 438, -2.354348863232855, 62.507999999999996, 0.0
13.2, 703, 438, -2.35463649340836, 62.507999999999996, 0.0
13.22, 702, 437, -2.35463649340836, 62.507999999999996, 0.0
13.23, 702, 436, -2.3545406166831917, 62.507999999999996, 0.0
13.24, 701, 436, -2.354348863232855, 62.507999999999996, 0.0
13.25, 701, 435, -2.3541571097825185, 62.507999999999996, 0.0
13.26, 701, 435, -2.353965356332182, 62.507999999999996, 0.0
13.27, 700, 434, -2.353965356332182, 62.507999999999996, 0.0
13.28, 700, 434, -2.353965356332182, 62.507999999999996, 0.0
13.29, 699, 434, -2.3541571097825185, 62.507999999999996, 0.0
13.3, 699, 433, -2.354252986507687, 62.507999999999996, 0.0
13.31, 698, 433, -2.354252986507687, 62.507999999999996, 0.0
13.32, 698, 432, -2.354252986507687, 62.507999999999996, 0.0
13.33, 697, 432, -2.354252986507687, 62.507999999999996, 0.0
13.35, 697, 431, -2.3541571097825185, 62.507999999999996, 0.0
13.36, 696, 431, -2.3541571097825185, 62.507999999999996, 0.0
13.37, 696, 430, -2.3541571097825185, 62.507999999999996, 0.0
13.38, 695, 430, -2.3541571097825185, 62.507999999999996, 0.0
13.39, 695, 429, -2.3544447399580233, 62.507999999999996, 0.0
13.4, 694, 429, -2.3544447399580233, 62.507999999999996, 0.0
13.41, 694, 428, -2.354252986507687, 62.507999999999996, 0.0
13.42, 693, 428, -2.354252986507687, 62.507999999999996, 0.0
13.43, 693, 427, -2.353965356332182, 62.507999999999996, 0.0
13.44, 693, 427, -2.353677726156677, 62.507999999999996, 0.0
13.46, 692, 426, -2.353677726156677, 62.507999999999996, 0.0
13.47, 691, 426, -2.353965356332182, 62.507999999999996, 0.0
13.48, 691, 425, -2.354348863232855, 62.507999999999996, 0.0
13.49, 690, 425, -2.354348863232855, 62.507999999999996, 0.0
13.51, 690, 424, -2.354348863232855, 62.507999999999996, 0.0
13.52, 689, 423, -2.35406123305735, 62.507999999999996, 0.0
13.53, 689, 423, -2.35406123305735, 62.507999999999996, 0.0
13.54, 688, 423, -2.35406123305735, 62.507999999999996, 0.0
13.56, 687, 422, -2.354252986507687, 62.507999999999996, 0.0
13.57, 687, 421, -2.354348863232855, 62.507999999999996, 0.0
13.58, 686, 421, -2.35406123305735, 62.507999999999996, 0.0
13.59, 686, 420, -2.354348863232855, 62.507999999999996, 0.0
13.6, 686, 420, -2.3544447399580233, 62.507999999999996, 0.0
13.61, 685, 419, -2.35406123305735, 62.507999999999996, 0.0
13.62, 685, 419, -2.354348863232855, 62.507999999999996, 0.0
13.63, 684, 419, -2.354348863232855, 62.507999999999996, 0.0
13.64, 684, 418, -2.35406123305735, 62.507999999999996, 0.0
13.65, 683, 418, -2.354252986507687, 62.507999999999996, 0.0
13.67, 683, 417, -2.3537736028818452, 62.507999999999996, -0.00019175345033660654
13.68, 682, 416, -2.3537736028818452, 62.507999999999996, -0.0003835069006732131
13.7, 681, 416, -2.3534859727063404, 62.507999999999996, -0.0003835069006732131
13.71, 681, 415, -2.35406123305735, 62.507999999999996, -0.0005752603510098196
13.73, 680, 414, -2.2850299909361715, 62.507999999999996, -0.003643315556395524
13.76, 679, 406, -2.287331032340211, 62.507999999999996, -0.0048897129835834665
13.77, 678, 405, -2.2898238271945868, 62.507999999999996, -0.00498558970875177
13.78, 671, 405, -2.2928918823999727, 62.507999999999996, -0.0048897129835834665
13.79, 671, 404, -2.29586406088019, 62.507999999999996, -0.0048897129835834665
13.8, 670, 404, -2.2986444859100708, 62.507999999999996, -0.0047938362584151635
13.81, 670, 403, -2.3016166643902882, 62.507999999999996, -0.0047938362584151635
13.82, 669, 403, -2.3050682264963474, 62.507999999999996, -0.00469795953324686
13.84, 668, 402, -2.3128342412349796, 62.507999999999996, -0.004506206082910254
13.85, 668, 402, -2.3162858033410387, 62.507999999999996, -0.00441032935774195
13.86, 668, 401, -2.3190662283709194, 62.507999999999996, -0.004506206082910254
13.87, 667, 401, -2.3214631465001268, 62.507999999999996, -0.00441032935774195
13.89, 666, 400, -2.3264487362088784, 62.507999999999996, -0.00441032935774195
13.9, 666, 399, -2.3298044215897695, 62.507999999999996, -0.00441032935774195
13.92, 665, 398, -2.3365157923515505, 62.507999999999996, -0.004314452632573647
13.93, 665, 398, -2.3392962173814316, 62.507999999999996, -0.004218575907405343
13.94, 664, 398, -2.3418848889609754, 62.507999999999996, -0.003930945731900433
13.95, 664, 397, -2.344185930365015, 62.507999999999996, -0.004026822457068737
13.96, 663, 397, -2.346582848494222, 62.507999999999996, -0.003739192281563827
13.97, 663, 396, -2.3484045062724204, 62.507999999999996, -0.0038350690067321305
13.98, 662, 396, -2.3499385338751133, 62.507999999999996, -0.003643315556395524
13.99, 662, 395, -2.3519519451036475, 62.507999999999996, -0.003739192281563827
14.0, 662, 395, -2.35463649340836, 62.507999999999996, -0.003643315556395524
14.01, 661, 394, -2.3578963020640824, 62.507999999999996, -0.003547438831227221
14.02, 661, 394, -2.3615396176204775, 62.507999999999996, -0.0034515621060589178
14.04, 660, 393, -2.3668128375047344, 62.507999999999996, -0.003163931930554008
14.05, 659, 393, -2.3687303720081005, 62.507999999999996, -0.0029721784802174012
14.06, 659, 392, -2.3708396599618036, 62.507999999999996, -0.0030680552053857046
14.07, 658, 392, -2.3727571944651693, 62.507999999999996, -0.002876301755049098
14.08, 658, 391, -2.3750582358692083, 62.507999999999996, -0.0029721784802174012
14.09, 657, 391, -2.3771675238229113, 62.507999999999996, -0.0026845483047124915
14.1, 657, 390, -2.3788933048759406, 62.507999999999996, -0.002876301755049098
14.11, 657, 390, -2.3805232092038016, 62.507999999999996, -0.002780425029880795
14.12, 656, 390, -2.382536620432336, 62.507999999999996, -0.002492794854375885
14.14, 655, 389, -2.3867551963397413, 62.507999999999996, -0.0023969181292075818
14.15, 655, 388, -2.3882892239424347, 62.507999999999996, -0.002492794854375885
14.16, 654, 388, -2.3899191282702956, 62.507999999999996, -0.002205164678870975
14.17, 654, 387, -2.391836662773662, 62.507999999999996, -0.0023969181292075818
14.2, 653, 386, -2.3984521568102743, 62.507999999999996, -0.002205164678870975
14.21, 652, 386, -2.399794430962631, 62.507999999999996, -0.0019175345033660652
14.24, 651, 385, -2.4038212534196997, 62.507999999999996, -0.001821657778197762
14.25, 650, 384, -2.405259404297224, 62.507999999999996, -0.0017257810530294589
14.26, 650, 384, -2.405930541373402, 62.507999999999996, -0.0017257810530294589
14.27, 649, 383, -2.4072728155257583, 62.507999999999996, -0.0017257810530294589
14.3, 648, 382, -2.4111078845324907, 62.507999999999996, -0.0016299043278611557
14.31, 647, 382, -2.411587268158332, 62.507999999999996, -0.0013422741523562457
14.32, 647, 381, -2.4121625285093415, 62.507999999999996, -0.0016299043278611557
14.33, 646, 381, -2.412546035410015, 62.507999999999996, -0.001438150877524549
14.34, 646, 380, -2.4133130492113617, 62.507999999999996, -0.0016299043278611557
14.35, 646, 380, -2.4145594466385494, 62.507999999999996, -0.0015340276026928523
14.36, 645, 380, -2.4160934742412423, 62.507999999999996, -0.0012463974271879426
14.37, 645, 379, -2.41849039237045, 62.507999999999996, -0.0013422741523562457
14.38, 644, 379, -2.4200244199731427, 62.507999999999996, -0.0011505207020196392
14.39, 644, 378, -2.4213666941254988, 62.507999999999996, -0.0013422741523562457
14.4, 643, 378, -2.4220378312016773, 62.507999999999996, -0.0010546439768513358
14.41, 643, 377, -2.4222295846520137, 62.507999999999996, -0.0013422741523562457
14.42, 642, 377, -2.422613091552687, 62.507999999999996, -0.0011505207020196392
14.43, 642, 377, -2.42299659845336, 62.507999999999996, -0.0010546439768513358
14.44, 641, 376, -2.423284228628865, 62.507999999999996, -0.0011505207020196392
14.45, 641, 376, -2.4237636122547066, 62.507999999999996, -0.0011505207020196392
14.46, 640, 375, -2.424530626056053, 62.507999999999996, -0.0011505207020196392
14.47, 640, 375, -2.4257770234832408, 62.507999999999996, -0.0010546439768513358
14.48, 639, 375, -2.427119297635597, 62.507999999999996, -0.0008628905265147294
14.49, 639, 374, -2.4284615717879534, 62.507999999999996, -0.0010546439768513358
14.5, 639, 374, -2.4294203390396367, 62.507999999999996, -0.0009587672516830326
14.51, 638, 373, -2.430187352840983, 62.507999999999996, -0.0009587672516830326
14.52, 638, 373, -2.430858489917161, 62.507999999999996, -0.0009587672516830326
14.53, 637, 373, -2.431146120092666, 62.507999999999996, -0.0006711370761781229
14.54, 637, 372, -2.4316255037185073, 62.507999999999996, -0.0009587672516830326
14.55, 636, 372, -2.4320090106191805, 62.507999999999996, -0.0007670138013464262
14.56, 636, 371, -2.432392517519854, 62.507999999999996, -0.0009587672516830326
14.58, 635, 371, -2.43431005202322, 62.507999999999996, -0.0006711370761781229
14.6, 634, 370, -2.436227586526586, 62.507999999999996, -0.0006711370761781229
14.61, 633, 369, -2.4368028468775957, 62.507999999999996, -0.0006711370761781229
14.62, 633, 369, -2.436898723602764, 62.507999999999996, -0.0006711370761781229
14.63, 632, 369, -2.436898723602764, 62.507999999999996, -0.0004793836258415163
14.64, 632, 368, -2.4372822305034374, 62.507999999999996, -0.0006711370761781229
14.66, 631, 367, -2.438528627930625, 62.507999999999996, -0.0006711370761781229
14.68, 630, 367, -2.4395832719074764, 62.507999999999996, -0.0004793836258415163
14.7, 629, 366, -2.4395832719074764, 62.507999999999996, -0.0004793836258415163
14.71, 629, 365, -2.4398709020829816, 62.507999999999996, -0.0007670138013464262
14.73, 628, 365, -2.4413090529605057, 62.507999999999996, -0.0004793836258415163
14.74, 627, 364, -2.442171943487021, 62.507999999999996, -0.0004793836258415163
14.75, 627, 364, -2.4430348340135355, 62.507999999999996, -0.0004793836258415163
14.76, 626, 363, -2.4432265874638723, 62.507999999999996, -0.0004793836258415163
14.77, 626, 363, -2.4436100943645456, 62.507999999999996, -0.0004793836258415163
14.78, 625, 363, -2.4437059710897135, 62.507999999999996, -0.00019175345033660654
14.79, 625, 362, -2.443514217639377, 62.507999999999996, -0.0005752603510098196
14.8, 624, 362, -2.4437059710897135, 62.507999999999996, -0.0002876301755049098
14.81, 624, 361, -2.443801847814882, 62.507999999999996, -0.0005752603510098196
14.82, 623, 361, -2.444281231440723, 62.507999999999996, -0.0002876301755049098
14.83, 623, 360, -2.44447298489106, 62.507999999999996, -0.0005752603510098196
14.84, 622, 360, -2.4448564917917337, 62.507999999999996, -0.0002876301755049098
14.86, 621, 359, -2.4455276288679113, 62.507999999999996, -0.0003835069006732131
14.87, 621, 359, -2.4461987659440894, 62.507999999999996, -0.0002876301755049098
14.88, 620, 359, -2.446294642669258, 62.507999999999996, -9.587672516830327e-05
14.89, 620, 358, -2.446007012493753, 62.507999999999996, -0.0003835069006732131
14.9, 620, 358, -2.4464863961195946, 62.507999999999996, -0.0003835069006732131
14.92, 619, 357, -2.4464863961195946, 62.507999999999996, -0.0003835069006732131
14.93, 618, 357, -2.4470616564706043, 62.507999999999996, -0.00019175345033660654
14.96, 617, 355, -2.448212177172624, 62.507999999999996, -0.0004793836258415163
14.99, 615, 354, -2.4487874375236336, 62.507999999999996, -0.0002876301755049098
15.01, 614, 353, -2.4486915607984656, 62.507999999999996, -0.0002876301755049098
15.02, 614, 353, -2.4486915607984656, 62.507999999999996, -0.0002876301755049098
15.03, 613, 353, -2.4486915607984656, 62.507999999999996, 0.0
15.04, 613, 352, -2.4489791909739704, 62.507999999999996, -0.0003835069006732131
15.05, 612, 352, -2.4490750676991384, 62.507999999999996, -9.587672516830327e-05
15.06, 612, 351, -2.4494585745998116, 62.507999999999996, -0.0003835069006732131
15.07, 611, 351, -2.4498420815004853, 62.507999999999996, -9.587672516830327e-05
15.08, 611, 351, -2.45012971167599, 62.507999999999996, -9.587672516830327e-05
15.09, 610, 350, -2.450417341851495, 62.507999999999996, -0.00019175345033660654
15.1, 610, 350, -2.450417341851495, 62.507999999999996, -0.00019175345033660654
15.11, 609, 349, -2.450417341851495, 62.507999999999996, -0.00019175345033660654
15.12, 609, 349, -2.4503214651263265, 62.507999999999996, -0.00019175345033660654
15.14, 608, 348, -2.4503214651263265, 62.507999999999996, -0.0002876301755049098
15.15, 608, 348, -2.450417341851495, 62.507999999999996, -0.0002876301755049098
15.16, 607, 347, -2.450609095301832, 62.507999999999996, -0.0002876301755049098
15.17, 607, 347, -2.4508008487521677, 62.507999999999996, -0.0002876301755049098
15.18, 606, 347, -2.4509926022025046, 62.507999999999996, 0.0
15.2, 605, 346, -2.4511843556528414, 62.507999999999996, -9.587672516830327e-05
15.21, 605, 345, -2.451088478927673, 62.507999999999996, -0.0004793836258415163
15.22, 604, 345, -2.451088478927673, 62.507999999999996, -0.00019175345033660654
15.23, 604, 345, -2.451088478927673, 62.507999999999996, -0.00019175345033660654
15.24, 603, 344, -2.4512802323780094, 62.507999999999996, -0.00019175345033660654
15.27, 602, 343, -2.452430753080029, 62.507999999999996, -0.00019175345033660654
15.28, 601, 343, -2.452622506530366, 62.507999999999996, 0.0
15.29, 601, 342, -2.452718383255534, 62.507999999999996, -0.0002876301755049098
15.31, 600, 341, -2.452718383255534, 62.507999999999996, -0.0003835069006732131
15.32, 599, 341, -2.452718383255534, 62.507999999999996, -9.587672516830327e-05
15.33, 599, 341, -2.452718383255534, 62.507999999999996, -9.587672516830327e-05
15.35, 598, 340, -2.4529101367058708, 62.507999999999996, -9.587672516830327e-05
15.36, 597, 339, -2.4531018901562076, 62.507999999999996, -0.00019175345033660654
15.37, 597, 339, -2.4534853970568804, 62.507999999999996, -0.00019175345033660654
15.38, 597, 339, -2.4534853970568804, 62.507999999999996, -0.00019175345033660654
15.39, 596, 338, -2.4534853970568804, 62.507999999999996, -0.0002876301755049098
15.41, 595, 337, -2.4536771505072172, 62.507999999999996, -0.0002876301755049098
15.42, 595, 337, -2.453773027232385, 62.507999999999996, -0.0002876301755049098
15.43, 594, 337, -2.454156534133059, 62.507999999999996, 0.0
15.44, 594, 336, -2.454156534133059, 62.507999999999996, -0.0003835069006732131
15.45, 593, 336, -2.454252410858227, 62.507999999999996, 0.0
15.46, 593, 335, -2.4545400410337317, 62.507999999999996, -0.0004793836258415163
15.47, 592, 335, -2.4545400410337317, 62.507999999999996, -9.587672516830327e-05
15.48, 592, 335, -2.4545400410337317, 62.507999999999996, -9.587672516830327e-05
15.49, 591, 334, -2.4546359177589, 62.507999999999996, -0.00019175345033660654
15.5, 591, 334, -2.4546359177589, 62.507999999999996, -0.00019175345033660654
15.51, 590, 334, -2.454827671209237, 62.507999999999996, 9.587672516830327e-05
15.52, 590, 333, -2.454827671209237, 62.507999999999996, -0.0002876301755049098
15.53, 589, 333, -2.454827671209237, 62.507999999999996, 0.0
15.55, 588, 332, -2.454827671209237, 62.507999999999996, 0.0
15.56, 588, 332, -2.455498808285415, 62.507999999999996, 0.0
15.58, 587, 331, -2.4558823151860882, 62.507999999999996, 0.0
15.59, 586, 330, -2.456265822086761, 62.507999999999996, 0.0
15.63, 584, 329, -2.5138877339129118, 62.507999999999996, 0.002588671579544188
15.64, 584, 328, -2.5141753640884166, 62.507999999999996, 0.0020134112285343686
15.65, 583, 328, -2.514271240813585, 62.507999999999996, 0.002492794854375885
15.66, 583, 328, -2.514367117538753, 62.507999999999996, 0.002492794854375885
15.67, 582, 327, -2.514367117538753, 62.507999999999996, 0.0023969181292075818
15.69, 581, 327, -2.5122578295850504, 62.507999999999996, 0.002780425029880795
15.71, 580, 326, -2.50832688385315, 62.507999999999996, 0.002492794854375885
15.73, 579, 325, -2.5055464588232694, 62.507999999999996, 0.0023010414040392784
15.74, 579, 325, -2.504587691571586, 62.507999999999996, 0.0023010414040392784
15.76, 578, 324, -2.502382526892715, 62.507999999999996, 0.0021092879537026716
15.77, 577, 323, -2.5001773622138446, 62.507999999999996, 0.0019175345033660652
15.8, 574, 322, -2.4936577449023996, 62.507999999999996, 0.002588671579544188
15.83, 572, 320, -2.491548456948697, 62.507999999999996, -0.05618376094862571
15.84, 572, 320, -2.4929866078262215, 62.507999999999996, -0.05618376094862571
15.85, 571, 320, -2.4965340466574486, 62.507999999999996, -0.05599200749828911
15.86, 571, 319, -2.50324541741923, 62.507999999999996, -0.055896130773120806
15.87, 571, 319, -2.512641336485724, 62.507999999999996, -0.05551262387244759
15.88, 570, 319, -2.5237630366052466, 62.507999999999996, -0.05503324024660607
15.89, 570, 319, -2.535555873800948, 62.507999999999996, -0.054553856620764556
15.9, 570, 318, -2.547828094622491, 62.507999999999996, -0.05426622644525965
15.91, 569, 318, -2.561346712871222, 62.507999999999996, -0.05369096609424983
15.92, 569, 318, -2.5792756604776943, 62.507999999999996, -0.052923952292903406
15.93, 569, 318, -2.598451005511355, 62.507999999999996, -0.05215693849155698
15.94, 568, 318, -2.617338720369511, 62.507999999999996, -0.05138992469021055
15.96, 568, 317, -2.662209027748277, 62.507999999999996, -0.04966414363718109
15.97, 568, 317, -2.6838771676363136, 62.507999999999996, -0.04880125311066636
15.99, 567, 317, -2.728076337938901, 62.507999999999996, -0.0469795953324686
16.01, 567, 317, -2.769207453036103, 62.507999999999996, -0.04525381427943914
16.02, 566, 317, -2.7916426067254863, 62.507999999999996, -0.044295047027756114
16.03, 566, 316, -2.814173637140038, 62.507999999999996, -0.04352803322640968
16.04, 565, 316, -2.8367046675545886, 62.507999999999996, -0.04256926597472665
16.06, 565, 316, -2.881095591307513, 62.507999999999996, -0.04074760819652889
16.07, 564, 316, -2.9032431148213913, 62.507999999999996, -0.03978884094484585
16.09, 563, 316, -2.947058778223306, 62.507999999999996, -0.0379671831666481
16.1, 563, 316, -2.9690145482868475, 62.507999999999996, -0.03710429264013337
16.11, 563, 316, -2.9908744416252206, 62.507999999999996, -0.03614552538845033
16.13, 562, 316, -3.0341148446761252, 62.507999999999996, -0.03441974433542087
16.14, 561, 316, -3.0550159707628155, 62.507999999999996, -0.03346097708373784
16.15, 561, 315, -3.075821220124337, 62.507999999999996, -0.03278984000755972
16.16, 560, 315, -3.0961470858600175, 62.507999999999996, -0.031926949481044985
16.17, 560, 315, -3.1160894446950245, 62.507999999999996, -0.03115993567969856
16.18, 559, 315, -3.1360318035300314, 62.507999999999996, -0.030297045153183832
16.2, 558, 315, 3.1079399230557185, 62.507999999999996, -0.028667140825322675
16.21, 557, 315, 3.0892439616478993, 62.507999999999996, -0.02790012702397625
16.22, 557, 315, 3.070643876965249, 62.507999999999996, -0.027133113222629825
16.23, 556, 315, 3.0522355457329344, 62.507999999999996, -0.026366099421283398
16.24, 556, 315, 3.0341148446761252, 62.507999999999996, -0.02559908561993697
16.25, 555, 315, 3.015802390168979, 62.507999999999996, -0.024832071818590543
16.26, 555, 315, 2.998640456363853, 62.507999999999996, -0.024160934742412425
16.27, 554, 315, 2.9814785225587266, 62.507999999999996, -0.023393920941065998
16.28, 553, 315, 2.964700095654274, 62.507999999999996, -0.022722783864887873
16.29, 553, 315, 2.948017545474989, 62.507999999999996, -0.02205164678870975
16.32, 551, 315, 2.8983534018378077, 62.507999999999996, -0.01994235883500708
16.33, 551, 316, 2.8834925094367208, 62.507999999999996, -0.019175345033660654
16.34, 550, 316, 2.8697821377376536, 62.507999999999996, -0.018600084682650835
16.35, 549, 316, 2.856359396214091, 62.507999999999996, -0.018024824331641015
16.36, 549, 316, 2.843032531415697, 62.507999999999996, -0.017449563980631196
16.37, 548, 316, 2.8302809269683125, 62.507999999999996, -0.016874303629621373
16.38, 548, 316, 2.8169540621699185, 62.507999999999996, -0.01639492000377986
16.4, 546, 317, 2.790779716198972, 62.507999999999996, -0.015052645851423612
16.41, 546, 317, 2.7779322350264186, 62.507999999999996, -0.014573262225582096
16.42, 545, 317, 2.7661393978307176, 62.507999999999996, -0.01409387859974058
16.43, 545, 317, 2.754346560635016, 62.507999999999996, -0.01351861824873076
16.44, 544, 318, 2.74341661396583, 62.507999999999996, -0.01294335789772094
16.45, 544, 318, 2.732486667296643, 62.507999999999996, -0.012463974271879424
16.46, 543, 318, 2.721460843902288, 62.507999999999996, -0.011984590646037907
16.47, 543, 318, 2.710530897233102, 62.507999999999996, -0.011505207020196391
16.49, 542, 319, 2.688479250444392, 62.507999999999996, -0.010450563043345054
16.5, 542, 319, 2.67783693395071, 62.507999999999996, -0.00997117941750354
16.52, 541, 319, 2.659524479443564, 62.507999999999996, -0.009204165616157113
16.53, 540, 320, 2.651183204353922, 62.507999999999996, -0.008724781990315598
16.54, 540, 320, 2.6429378059894475, 62.507999999999996, -0.008341275089642384
16.55, 539, 320, 2.6345965308998056, 62.507999999999996, -0.007957768188969172
16.56, 539, 321, 2.625967625634658, 62.507999999999996, -0.007478384563127654
16.57, 538, 321, 2.617722227270184, 62.507999999999996, -0.007094877662454442
16.58, 538, 321, 2.6101479659818883, 62.507999999999996, -0.0068072474869495326
16.59, 537, 321, 2.6030530883194336, 62.507999999999996, -0.006519617311444623
16.6, 537, 322, 2.5964375942828206, 62.507999999999996, -0.006040233685603106
16.61, 536, 322, 2.5903973605972177, 62.507999999999996, -0.005752603510098196
16.62, 536, 322, 2.584836510537456, 62.507999999999996, -0.00556085005976159
16.64, 535, 323, 2.5747694543947843, 62.507999999999996, -0.00498558970875177
16.65, 534, 323, 2.5697838646860327, 62.507999999999996, -0.00469795953324686
16.66, 534, 324, 2.5649900284276175, 62.507999999999996, -0.004314452632573647
16.67, 533, 324, 2.560196192169202, 62.507999999999996, -0.00412269918223704
16.68, 533, 324, 2.5557858628114603, 62.507999999999996, -0.003930945731900433
16.69, 532, 325, 2.5513755334537183, 62.507999999999996, -0.003547438831227221
16.72, 531, 326, 2.5378569152049875, 62.507999999999996, -0.002780425029880795
16.74, 530, 326, 2.5322001884200573, 62.507999999999996, -0.002588671579544188
16.75, 529, 327, 2.5296115168405136, 62.507999999999996, -0.0023010414040392784
16.76, 529, 327, 2.5276939823371474, 62.507999999999996, -0.002205164678870975
16.78, 528, 328, 2.5227083926283957, 62.507999999999996, -0.0017257810530294589
16.79, 527, 328, 2.5204073512243563, 62.507999999999996, -0.0016299043278611557
16.81, 526, 329, 2.5155176382407727, 62.507999999999996, -0.0012463974271879426
16.82, 526, 329, 2.51340835028707, 62.507999999999996, -0.0011505207020196392
16.84, 525, 330, 2.5102444183565162, 62.507999999999996, -0.0008628905265147294
16.85, 524, 330, 2.509285651104833, 62.507999999999996, -0.0007670138013464262
16.87, 523, 331, 2.5075598700518036, 62.507999999999996, -0.0005752603510098196
16.88, 523, 331, 2.506696979525289, 62.507999999999996, -0.0004793836258415163
16.89, 522, 332, 2.505738212273606, 62.507999999999996, -0.00019175345033660654
16.91, 521, 332, 2.5042041846709133, 62.507999999999996, -9.587672516830327e-05
16.93, 520, 333, 2.5020948967172103, 62.507999999999996, 9.587672516830327e-05
16.95, 519, 334, 2.5004649923893494, 62.507999999999996, 0.0003835069006732131
16.96, 519, 334, 2.4998897320383393, 62.507999999999996, 0.0003835069006732131
16.97, 518, 334, 2.4998897320383393, 62.507999999999996, 0.0003835069006732131
17.0, 517, 336, 2.4999856087635077, 62.507999999999996, 0.0007670138013464262
17.01, 516, 336, 2.4999856087635077, 62.507999999999996, 0.0007670138013464262
17.03, 515, 337, 2.499793855313171, 62.507999999999996, 0.0010546439768513358
17.04, 515, 337, 2.499793855313171, 62.507999999999996, 0.0010546439768513358
17.06, 514, 338, 2.5004649923893494, 62.507999999999996, 0.0012463974271879426
17.07, 513, 338, 2.5004649923893494, 62.507999999999996, 0.0012463974271879426
17.08, 513, 339, 2.5005608691145174, 62.507999999999996, 0.001438150877524549
17.09, 512, 339, 2.500944376015191, 62.507999999999996, 0.001438150877524549
17.1, 512, 339, 2.5018072665417055, 62.507999999999996, 0.0013422741523562457
17.11, 512, 340, 2.5026701570682204, 62.507999999999996, 0.0015340276026928523
17.13, 511, 340, 2.5042041846709133, 62.507999999999996, 0.0015340276026928523
17.14, 510, 341, 2.504875321747091, 62.507999999999996, 0.0017257810530294589
17.15, 509, 341, 2.5058340889987742, 62.507999999999996, 0.0016299043278611557
17.16, 509, 341, 2.506696979525289, 62.507999999999996, 0.0016299043278611557
17.18, 508, 342, 2.5073681166014667, 62.507999999999996, 0.001821657778197762
17.2, 507, 343, 2.5080392536776452, 62.507999999999996, 0.0020134112285343686
17.22, 506, 344, 2.510148541631348, 62.507999999999996, 0.002205164678870975
17.23, 505, 344, 2.5115866925088723, 62.507999999999996, 0.0021092879537026716
17.24, 505, 344, 2.5133124735619017, 62.507999999999996, 0.0020134112285343686
17.25, 505, 345, 2.5148465011645946, 62.507999999999996, 0.002205164678870975
17.26, 504, 345, 2.516572282217624, 62.507999999999996, 0.0021092879537026716
17.27, 504, 345, 2.5179145563699805, 62.507999999999996, 0.0021092879537026716
17.28, 503, 346, 2.5188733236216634, 62.507999999999996, 0.002205164678870975
17.29, 502, 346, 2.5193527072475046, 62.507999999999996, 0.002205164678870975
17.3, 502, 347, 2.520023844323683, 62.507999999999996, 0.0023969181292075818
17.31, 501, 347, 2.520694981399861, 62.507999999999996, 0.0023969181292075818
17.32, 501, 347, 2.5214619952012076, 62.507999999999996, 0.0023969181292075818
17.35, 499, 348, 2.5268310918106325, 62.507999999999996, 0.0023969181292075818
17.36, 499, 349, 2.5283651194133254, 62.507999999999996, 0.002588671579544188
17.37, 498, 349, 2.5299950237411863, 62.507999999999996, 0.002492794854375885
17.38, 498, 350, 2.531816681519384, 62.507999999999996, 0.0026845483047124915
17.39, 497, 350, 2.5335424625724134, 62.507999999999996, 0.002588671579544188
17.4, 497, 350, 2.5354599970757796, 62.507999999999996, 0.002492794854375885
17.41, 496, 351, 2.5369940246784726, 62.507999999999996, 0.0026845483047124915
17.42, 496, 351, 2.538048668655324, 62.507999999999996, 0.002588671579544188
17.43, 495, 351, 2.5391033126321756, 62.507999999999996, 0.002588671579544188
17.44, 495, 352, 2.5409249704103734, 62.507999999999996, 0.002780425029880795
17.45, 494, 352, 2.5429383816389075, 62.507999999999996, 0.0026845483047124915
17.46, 494, 352, 2.5450476695926105, 62.507999999999996, 0.002588671579544188
17.47, 493, 353, 2.546869327370808, 62.507999999999996, 0.002780425029880795
17.48, 493, 353, 2.548403354973501, 62.507999999999996, 0.0026845483047124915
17.49, 492, 353, 2.5502250127516986, 62.507999999999996, 0.002588671579544188
17.51, 491, 354, 2.5530054377815796, 62.507999999999996, 0.0026845483047124915
17.52, 491, 354, 2.553964205033262, 62.507999999999996, 0.0026845483047124915
17.53, 490, 355, 2.5545394653842726, 62.507999999999996, 0.002876301755049098
17.54, 490, 355, 2.5561693697121335, 62.507999999999996, 0.002780425029880795
17.55, 489, 355, 2.5590456714671825, 62.507999999999996, 0.0026845483047124915
17.56, 489, 356, 2.5619219732222316, 62.507999999999996, 0.002876301755049098
17.57, 488, 356, 2.5647982749772806, 62.507999999999996, 0.0026845483047124915
17.58, 488, 357, 2.566907562930983, 62.507999999999996, 0.002876301755049098
17.59, 487, 357, 2.5685374672588446, 62.507999999999996, 0.002780425029880795
17.6, 486, 357, 2.5703591250370423, 62.507999999999996, 0.002780425029880795
17.61, 486, 358, 2.571797275914567, 62.507999999999996, 0.0029721784802174012
17.62, 485, 358, 2.573043673341755, 62.507999999999996, 0.002876301755049098
17.63, 485, 358, 2.574673577669616, 62.507999999999996, 0.002780425029880795
17.64, 484, 358, 2.576207605272309, 62.507999999999996, 0.002780425029880795
17.65, 484, 359, 2.577549879424665, 62.507999999999996, 0.0029721784802174012
17.66, 483, 359, 2.5789880303021895, 62.507999999999996, 0.002876301755049098
17.67, 483, 359, 2.5807138113552193, 62.507999999999996, 0.002876301755049098
17.68, 482, 360, 2.5831107294844267, 62.507999999999996, 0.0029721784802174012
17.69, 482, 360, 2.5861787846898125, 62.507999999999996, 0.002876301755049098
17.7, 481, 361, 2.589342716620366, 62.507999999999996, 0.0029721784802174012
17.71, 481, 361, 2.591739634749574, 62.507999999999996, 0.002876301755049098
17.72, 480, 361, 2.5937530459781084, 62.507999999999996, 0.002780425029880795
17.73, 480, 361, 2.5953829503059698, 62.507999999999996, 0.002780425029880795
17.74, 479, 362, 2.596341717557652, 62.507999999999996, 0.0029721784802174012
17.75, 479, 362, 2.5975881149848403, 62.507999999999996, 0.002876301755049098
17.76, 478, 362, 2.598355128786187, 62.507999999999996, 0.002876301755049098
17.78, 477, 363, 2.6015190607167407, 62.507999999999996, 0.0029721784802174012
17.79, 477, 363, 2.6036283486704437, 62.507999999999996, 0.002876301755049098
17.8, 476, 364, 2.6059293900744827, 62.507999999999996, 0.0030680552053857046
17.81, 475, 364, 2.608230431478522, 62.507999999999996, 0.0029721784802174012
17.82, 475, 364, 2.61005208925672, 62.507999999999996, 0.0029721784802174012
17.83, 474, 365, 2.6120655004852544, 62.507999999999996, 0.003163931930554008
17.84, 474, 365, 2.614654172064798, 62.507999999999996, 0.0029721784802174012
17.85, 473, 365, 2.617051090194006, 62.507999999999996, 0.002876301755049098
17.86, 473, 366, 2.618968624697372, 62.507999999999996, 0.0030680552053857046
17.87, 472, 366, 2.6205026523000647, 62.507999999999996, 0.0030680552053857046
17.91, 470, 367, 2.6275975299625194, 62.507999999999996, 0.0029721784802174012
17.92, 469, 367, 2.6299944480917268, 62.507999999999996, 0.002876301755049098
17.93, 469, 368, 2.6318161058699245, 62.507999999999996, 0.0030680552053857046
17.94, 468, 368, 2.6330625032971127, 62.507999999999996, 0.0030680552053857046
17.95, 468, 368, 2.6345965308998056, 62.507999999999996, 0.0029721784802174012
17.96, 467, 369, 2.6368016955786766, 62.507999999999996, 0.003163931930554008
17.97, 467, 369, 2.639198613707884, 62.507999999999996, 0.0030680552053857046
17.98, 466, 369, 2.6417872852874282, 62.507999999999996, 0.0029721784802174012
17.99, 466, 370, 2.6440883266914676, 62.507999999999996, 0.0030680552053857046
18.0, 465, 370, 2.6462934913703386, 62.507999999999996, 0.0029721784802174012
18.01, 465, 370, 2.6485945327743776, 62.507999999999996, 0.002876301755049098
18.02, 464, 370, 2.6507038207280806, 62.507999999999996, 0.002876301755049098
18.03, 463, 371, 2.6523337250559416, 62.507999999999996, 0.0030680552053857046
18.04, 463, 371, 2.6536759992082977, 62.507999999999996, 0.0029721784802174012
18.05, 462, 371, 2.655114150085822, 62.507999999999996, 0.002876301755049098
18.06, 462, 372, 2.657127561314357, 62.507999999999996, 0.0030680552053857046
18.07, 461, 372, 2.659812109619069, 62.507999999999996, 0.0029721784802174012
18.08, 461, 372, 2.662880164824455, 62.507999999999996, 0.002876301755049098
18.09, 460, 372, 2.6660440967550088, 62.507999999999996, 0.002780425029880795
18.1, 460, 373, 2.6684410148842166, 62.507999999999996, 0.002876301755049098
18.11, 459, 373, 2.670550302837919, 62.507999999999996, 0.002876301755049098
18.13, 458, 374, 2.6733307278678, 62.507999999999996, 0.0029721784802174012
18.14, 457, 374, 2.675152385645998, 62.507999999999996, 0.002876301755049098
18.15, 457, 374, 2.6770699201493637, 62.507999999999996, 0.002876301755049098
18.16, 456, 374, 2.6794668382785716, 62.507999999999996, 0.002780425029880795
18.18, 455, 375, 2.684356551262155, 62.507999999999996, 0.002780425029880795
18.2, 454, 376, 2.6877122366430455, 62.507999999999996, 0.0029721784802174012
18.21, 453, 376, 2.6887668806198968, 62.507999999999996, 0.002876301755049098
18.22, 453, 376, 2.690396784947758, 62.507999999999996, 0.002876301755049098
18.24, 452, 377, 2.694423607404827, 62.507999999999996, 0.0029721784802174012
18.25, 451, 377, 2.696724648808866, 62.507999999999996, 0.002876301755049098
18.28, 450, 378, 2.702669005769301, 62.507999999999996, 0.002876301755049098
18.29, 449, 378, 2.704298910097162, 62.507999999999996, 0.002780425029880795
18.3, 448, 378, 2.705928814425023, 62.507999999999996, 0.002780425029880795
18.32, 447, 379, 2.709955636882092, 62.507999999999996, 0.002876301755049098
18.33, 447, 379, 2.711969048110626, 62.507999999999996, 0.002780425029880795
18.34, 446, 379, 2.713886582613992, 62.507999999999996, 0.0026845483047124915
18.35, 446, 379, 2.7158999938425263, 62.507999999999996, 0.002588671579544188
18.37, 444, 380, 2.719830939574427, 62.507999999999996, 0.002780425029880795
18.38, 444, 380, 2.7215567206274565, 62.507999999999996, 0.0026845483047124915
18.39, 443, 381, 2.7229948715049814, 62.507999999999996, 0.0029721784802174012
18.4, 443, 381, 2.7244330223825055, 62.507999999999996, 0.002876301755049098
18.41, 442, 381, 2.7263505568858717, 62.507999999999996, 0.002780425029880795
18.42, 442, 381, 2.728268091389238, 62.507999999999996, 0.0026845483047124915
18.43, 441, 382, 2.729897995717099, 62.507999999999996, 0.0029721784802174012
18.46, 439, 382, 2.7339248181741675, 62.507999999999996, 0.002780425029880795
18.47, 439, 382, 2.7351712156013552, 62.507999999999996, 0.0026845483047124915
18.48, 438, 383, 2.7372805035550583, 62.507999999999996, 0.002876301755049098
18.5, 437, 383, 2.7425537234393147, 62.507999999999996, 0.0026845483047124915
18.51, 436, 383, 2.7453341484691958, 62.507999999999996, 0.002588671579544188
18.52, 436, 384, 2.747635189873235, 62.507999999999996, 0.002780425029880795
18.53, 435, 384, 2.749360970926264, 62.507999999999996, 0.0026845483047124915
18.54, 435, 384, 2.7512785054296303, 62.507999999999996, 0.002588671579544188
18.55, 434, 384, 2.753196039932997, 62.507999999999996, 0.002588671579544188
18.56, 434, 385, 2.7545383140853525, 62.507999999999996, 0.002780425029880795
18.57, 433, 385, 2.7560723416880455, 62.507999999999996, 0.0026845483047124915
18.58, 432, 385, 2.757798122741075, 62.507999999999996, 0.0026845483047124915
18.59, 432, 385, 2.7598115339696094, 62.507999999999996, 0.002588671579544188
18.62, 430, 386, 2.8230901725806894, 62.507999999999996, 0.00019175345033660654
18.65, 428, 384, 2.8286510226404515, 62.507999999999996, -0.0004793836258415163
18.66, 428, 384, 2.8298974200676392, 62.507999999999996, -0.0005752603510098196
18.68, 427, 384, 2.830760310594154, 62.507999999999996, -0.0005752603510098196
18.7, 416, 385, 2.830185050243144, 62.507999999999996, -0.0002876301755049098
18.73, 415, 385, 2.829513913166966, 62.507999999999996, -0.0002876301755049098
18.74, 414, 385, 2.829322159716629, 62.507999999999996, -0.00019175345033660654
18.75, 413, 385, 2.829322159716629, 62.507999999999996, -0.00019175345033660654
18.77, 412, 386, 2.8288427760907875, 62.507999999999996, 0.0
18.78, 412, 386, 2.8287468993656195, 62.507999999999996, 0.0
18.79, 411, 386, 2.8289386528159564, 62.507999999999996, 0.0
18.8, 410, 386, 2.829130406266293, 62.507999999999996, 0.0
18.82, 409, 387, 2.8299932967928076, 62.507999999999996, 0.00019175345033660654
18.83, 409, 387, 2.8299932967928076, 62.507999999999996, 0.00019175345033660654
18.85, 407, 387, 2.8300891735179756, 62.507999999999996, 0.00019175345033660654
18.86, 407, 388, 2.829705666617303, 62.507999999999996, 0.0005752603510098196
18.88, 406, 388, 2.8485933814754585, 62.507999999999996, -0.00019175345033660654
18.89, 405, 386, 2.8486892582006265, 62.507999999999996, -0.0007670138013464262
18.91, 404, 387, 2.84849750475029, 62.507999999999996, -0.0004793836258415163
18.92, 406, 387, 2.8482098745747852, 62.507999999999996, -0.0004793836258415163
18.93, 406, 387, 2.848113997849617, 62.507999999999996, -0.0004793836258415163
18.96, 404, 387, 2.8484016280251216, 62.507999999999996, -0.0004793836258415163
18.97, 403, 388, 2.8485933814754585, 62.507999999999996, -0.00019175345033660654
18.99, 402, 388, 2.8483057512999532, 62.507999999999996, -0.00019175345033660654
19.0, 402, 388, 2.8482098745747852, 62.507999999999996, -9.587672516830327e-05
19.01, 401, 388, 2.8476346142237756, 62.507999999999996, -9.587672516830327e-05
19.02, 400, 388, 2.847251107323102, 62.507999999999996, -9.587672516830327e-05
19.03, 400, 389, 2.847155230597934, 62.507999999999996, 9.587672516830327e-05
19.04, 399, 389, 2.847251107323102, 62.507999999999996, 9.587672516830327e-05
19.05, 399, 389, 2.847251107323102, 62.507999999999996, 9.587672516830327e-05
19.06, 398, 389, 2.847251107323102, 62.507999999999996, 9.587672516830327e-05
19.07, 397, 389, 2.8475387374986068, 62.507999999999996, 9.587672516830327e-05
19.09, 396, 390, 2.8475387374986068, 62.507999999999996, 0.0003835069006732131
19.13, 394, 390, 2.8477304909489436, 62.507999999999996, 0.0003835069006732131
19.14, 393, 391, 2.8477304909489436, 62.507999999999996, 0.0006711370761781229
19.17, 392, 391, 2.848785134925795, 62.507999999999996, 0.0006711370761781229
19.18, 391, 391, 2.849360395276805, 62.507999999999996, 0.0005752603510098196
19.19, 390, 392, 2.8497439021774778, 62.507999999999996, 0.0008628905265147294
19.21, 389, 392, 2.850319162528488, 62.507999999999996, 0.0008628905265147294
19.22, 388, 392, 2.8504150392536562, 62.507999999999996, 0.0008628905265147294
19.23, 388, 392, 2.850990299604666, 62.507999999999996, 0.0008628905265147294
19.24, 387, 392, 2.8519490668563487, 62.507999999999996, 0.0007670138013464262
19.25, 387, 393, 2.852907834108032, 62.507999999999996, 0.0010546439768513358
19.26, 386, 393, 2.8537707246345465, 62.507999999999996, 0.0010546439768513358
19.27, 386, 393, 2.854250108260388, 62.507999999999996, 0.0010546439768513358
19.28, 385, 393, 2.8541542315352197, 62.507999999999996, 0.0010546439768513358
19.29, 384, 393, 2.854441861710725, 62.507999999999996, 0.0010546439768513358
19.31, 383, 394, 2.855496505687576, 62.507999999999996, 0.0012463974271879426
19.32, 383, 394, 2.8565511496644276, 62.507999999999996, 0.0012463974271879426
19.33, 382, 394, 2.857414040190942, 62.507999999999996, 0.0012463974271879426
19.34, 381, 394, 2.8578934238167837, 62.507999999999996, 0.0011505207020196392
19.35, 381, 394, 2.8583728074426253, 62.507999999999996, 0.0011505207020196392
19.36, 380, 395, 2.8590439445188034, 62.507999999999996, 0.001438150877524549
19.37, 380, 395, 2.8596192048698135, 62.507999999999996, 0.001438150877524549
19.38, 379, 395, 2.860482095396328, 62.507999999999996, 0.0013422741523562457
19.39, 378, 395, 2.860865602297001, 62.507999999999996, 0.0013422741523562457
19.4, 378, 395, 2.861344985922843, 62.507999999999996, 0.0013422741523562457
19.41, 377, 395, 2.8618243695486845, 62.507999999999996, 0.0013422741523562457
19.42, 376, 396, 2.862399629899694, 62.507999999999996, 0.0016299043278611557
19.43, 376, 396, 2.8631666437010406, 62.507999999999996, 0.0016299043278611557
19.44, 375, 396, 2.8642212876778914, 62.507999999999996, 0.0015340276026928523
19.45, 375, 396, 2.865851192005753, 62.507999999999996, 0.0015340276026928523
19.47, 374, 396, 2.869111000661475, 62.507999999999996, 0.0013422741523562457
19.48, 373, 397, 2.870261521363495, 62.507999999999996, 0.0016299043278611557
19.49, 372, 397, 2.870836781714505, 62.507999999999996, 0.0016299043278611557
19.51, 371, 397, 2.8716037955158513, 62.507999999999996, 0.0015340276026928523
19.52, 370, 397, 2.871891425691356, 62.507999999999996, 0.0015340276026928523
19.54, 369, 398, 2.873041946393376, 62.507999999999996, 0.001821657778197762
19.55, 369, 398, 2.874192467095395, 62.507999999999996, 0.0017257810530294589
19.56, 368, 398, 2.8757264946980885, 62.507999999999996, 0.0017257810530294589
19.57, 367, 398, 2.8773563990259494, 62.507999999999996, 0.0016299043278611557
19.58, 367, 398, 2.8792739335293156, 62.507999999999996, 0.0015340276026928523
19.59, 366, 398, 2.8809038378571765, 62.507999999999996, 0.001438150877524549
19.6, 366, 399, 2.882150235284364, 62.507999999999996, 0.0017257810530294589
19.61, 365, 399, 2.8827254956353743, 62.507999999999996, 0.0017257810530294589
19.62, 364, 399, 2.8833007559863844, 62.507999999999996, 0.0016299043278611557
19.63, 364, 399, 2.883588386161889, 62.507999999999996, 0.0016299043278611557
19.64, 363, 399, 2.8842595232380672, 62.507999999999996, 0.0016299043278611557
19.65, 363, 399, 2.8855059206652554, 62.507999999999996, 0.0016299043278611557
19.66, 362, 400, 2.886464687916938, 62.507999999999996, 0.001821657778197762
19.67, 361, 400, 2.8878069620692943, 62.507999999999996, 0.001821657778197762
19.68, 361, 400, 2.8886698525958088, 62.507999999999996, 0.0017257810530294589
19.69, 360, 400, 2.8893409896719873, 62.507999999999996, 0.0017257810530294589
19.7, 360, 400, 2.890587387099175, 62.507999999999996, 0.0017257810530294589
19.71, 359, 400, 2.891737907801195, 62.507999999999996, 0.0016299043278611557
19.72, 358, 400, 2.8935595655793924, 62.507999999999996, 0.0015340276026928523
19.73, 358, 401, 2.8956688535330954, 62.507999999999996, 0.001821657778197762
19.75, 357, 401, 2.8992162923643225, 62.507999999999996, 0.0016299043278611557
19.76, 356, 401, 2.900270936341174, 62.507999999999996, 0.0016299043278611557
19.77, 355, 401, 2.900942073417352, 62.507999999999996, 0.0015340276026928523
19.78, 355, 401, 2.900942073417352, 62.507999999999996, 0.0015340276026928523
19.79, 354, 401, 2.9012297035928567, 62.507999999999996, 0.0015340276026928523
19.8, 354, 402, 2.901517333768362, 62.507999999999996, 0.001821657778197762
19.81, 353, 402, 2.9018049639438668, 62.507999999999996, 0.001821657778197762
19.82, 352, 402, 2.9030513613710545, 62.507999999999996, 0.001821657778197762
19.83, 352, 402, 2.904393635523411, 62.507999999999996, 0.0017257810530294589
19.84, 351, 402, 2.906023539851272, 62.507999999999996, 0.0016299043278611557
19.85, 351, 402, 2.9078451976294697, 62.507999999999996, 0.0016299043278611557
19.86, 350, 402, 2.9091874717818262, 62.507999999999996, 0.0015340276026928523
19.89, 348, 403, 2.9127349106130533, 62.507999999999996, 0.0017257810530294589
19.92, 346, 403, 2.9143648149409147, 62.507999999999996, 0.0016299043278611557
19.93, 346, 403, 2.9150359520170923, 62.507999999999996, 0.0016299043278611557
19.94, 345, 404, 2.9159947192687756, 62.507999999999996, 0.0019175345033660652
19.95, 344, 404, 2.9172411166959633, 62.507999999999996, 0.001821657778197762
19.96, 344, 404, 2.91800813049731, 62.507999999999996, 0.001821657778197762
19.97, 343, 404, 2.9194462813748343, 62.507999999999996, 0.0017257810530294589
20.0, 342, 404, 2.924719501259091, 62.507999999999996, 0.0015340276026928523
20.02, 340, 405, 2.926828789212794, 62.507999999999996, 0.0017257810530294589
20.04, 339, 405, 2.9277875564644766, 62.507999999999996, 0.0017257810530294589
20.05, 338, 405, 2.92874632371616, 62.507999999999996, 0.0017257810530294589
20.06, 338, 405, 2.929129830616833, 62.507999999999996, 0.0016299043278611557
20.08, 337, 406, 2.9311432418453673, 62.507999999999996, 0.0019175345033660652
20.09, 336, 406, 2.932293762547387, 62.507999999999996, 0.001821657778197762
20.12, 334, 406, 2.9372793522561387, 62.507999999999996, 0.0016299043278611557
20.13, 334, 406, 2.9386216264084952, 62.507999999999996, 0.0016299043278611557
20.14, 333, 406, 2.939580393660178, 62.507999999999996, 0.0015340276026928523
20.15, 332, 406, 2.9399639005608513, 62.507999999999996, 0.0015340276026928523
20.16, 332, 407, 2.940826791087366, 62.507999999999996, 0.001821657778197762
20.17, 331, 407, 2.941210297988039, 62.507999999999996, 0.001821657778197762
20.18, 331, 407, 2.941497928163544, 62.507999999999996, 0.001821657778197762
20.19, 330, 407, 2.942648448865564, 62.507999999999996, 0.0017257810530294589
20.2, 329, 407, 2.9438948462927517, 62.507999999999996, 0.0017257810530294589
20.21, 329, 407, 2.945812380796118, 62.507999999999996, 0.0016299043278611557
20.22, 328, 407, 2.9479216687498204, 62.507999999999996, 0.0015340276026928523
20.23, 328, 407, 2.949359819627345, 62.507999999999996, 0.001438150877524549
20.24, 327, 407, 2.950606217054533, 62.507999999999996, 0.001438150877524549
20.25, 326, 408, 2.951564984306216, 62.507999999999996, 0.0017257810530294589
20.26, 326, 408, 2.951948491206889, 62.507999999999996, 0.0016299043278611557
20.27, 325, 408, 2.952811381733404, 62.507999999999996, 0.0016299043278611557
20.28, 324, 408, 2.9538660257102554, 62.507999999999996, 0.0016299043278611557
20.29, 324, 408, 2.954345409336097, 62.507999999999996, 0.0015340276026928523
20.3, 323, 408, 2.9552082998626115, 62.507999999999996, 0.0015340276026928523
20.31, 323, 408, 2.9560711903891264, 62.507999999999996, 0.0015340276026928523
20.32, 322, 408, 2.956934080915641, 62.507999999999996, 0.001438150877524549
20.33, 321, 409, 2.95865986196867, 62.507999999999996, 0.0017257810530294589
20.34, 321, 409, 2.9605773964720368, 62.507999999999996, 0.0016299043278611557
20.35, 320, 409, 2.962399054250234, 62.507999999999996, 0.0015340276026928523
20.36, 320, 409, 2.9638372051277586, 62.507999999999996, 0.0015340276026928523
20.37, 319, 409, 2.964508342203937, 62.507999999999996, 0.001438150877524549
20.38, 318, 409, 2.9653712327304516, 62.507999999999996, 0.001438150877524549
20.4, 317, 409, 2.9671928905086498, 62.507999999999996, 0.0013422741523562457
20.41, 316, 409, 2.968055781035164, 62.507999999999996, 0.0013422741523562457
20.44, 315, 410, 2.9672887672338177, 62.507999999999996, 0.0016299043278611557
20.45, 303, 410, 2.968151657760332, 62.507999999999996, 0.0016299043278611557
20.46, 302, 410, 2.9690145482868475, 62.507999999999996, 0.0016299043278611557
20.48, 301, 410, 2.9719867267670645, 62.507999999999996, 0.001438150877524549
20.5, 300, 410, 2.9754382888731237, 62.507999999999996, 0.0013422741523562457
20.51, 299, 410, 2.976588809575143, 62.507999999999996, 0.0012463974271879426
20.52, 299, 411, 2.9769723164758166, 62.507999999999996, 0.0016299043278611557
20.53, 298, 411, 2.977739330277163, 62.507999999999996, 0.0015340276026928523
20.54, 298, 411, 2.978410467353341, 62.507999999999996, 0.0015340276026928523
20.55, 297, 411, 2.9788898509791824, 62.507999999999996, 0.0015340276026928523
20.57, 296, 411, 2.980903262207717, 62.507999999999996, 0.001438150877524549
20.58, 295, 411, 2.98128676910839, 62.507999999999996, 0.001438150877524549
20.61, 293, 411, 2.9848342079396173, 62.507999999999996, 0.0012463974271879426
20.62, 293, 412, 2.9865599889926466, 62.507999999999996, 0.0015340276026928523
20.63, 292, 412, 2.988477523496013, 62.507999999999996, 0.001438150877524549
20.64, 291, 412, 2.989532167472864, 62.507999999999996, 0.001438150877524549
20.65, 291, 412, 2.9902991812742106, 62.507999999999996, 0.0013422741523562457
20.66, 290, 412, 2.9908744416252206, 62.507999999999996, 0.0013422741523562457
20.68, 289, 412, 2.991737332151735, 62.507999999999996, 0.0013422741523562457
20.69, 288, 412, 2.99202496232724, 62.507999999999996, 0.0013422741523562457
20.7, 288, 412, 2.9925043459530816, 62.507999999999996, 0.0012463974271879426
20.71, 287, 412, 2.9929837295789232, 62.507999999999996, 0.0012463974271879426
20.72, 286, 412, 2.993942496830606, 62.507999999999996, 0.0012463974271879426
20.73, 286, 413, 2.995476524433299, 62.507999999999996, 0.001438150877524549
20.75, 285, 413, 2.9988322098141893, 62.507999999999996, 0.0013422741523562457
20.76, 284, 413, 2.999695100340704, 62.507999999999996, 0.0012463974271879426
20.77, 283, 413, 3.0006538675923875, 62.507999999999996, 0.0012463974271879426
20.78, 283, 413, 3.001229127943397, 62.507999999999996, 0.0012463974271879426
20.79, 282, 413, 3.0018043882944068, 62.507999999999996, 0.0012463974271879426
20.8, 281, 413, 3.0019961417447436, 62.507999999999996, 0.0011505207020196392
20.81, 281, 413, 3.0019961417447436, 62.507999999999996, 0.0011505207020196392
20.82, 280, 413, 3.0019961417447436, 62.507999999999996, 0.0011505207020196392
20.83, 280, 413, 3.0019961417447436, 62.507999999999996, 0.0011505207020196392
20.85, 278, 414, 3.0046806900494563, 62.507999999999996, 0.001438150877524549
20.86, 278, 414, 3.0064064711024856, 62.507999999999996, 0.0013422741523562457
20.87, 277, 414, 3.0086116357813566, 62.507999999999996, 0.0012463974271879426
20.88, 277, 414, 3.0099539099337127, 62.507999999999996, 0.0011505207020196392
20.89, 276, 414, 3.010720923735059, 62.507999999999996, 0.0011505207020196392
20.9, 275, 414, 3.0113920608112372, 62.507999999999996, 0.0011505207020196392
20.91, 275, 414, 3.011679690986742, 62.507999999999996, 0.0011505207020196392
20.92, 274, 414, 3.0122549513377517, 62.507999999999996, 0.0010546439768513358
20.93, 273, 414, 3.0126384582384254, 62.507999999999996, 0.0010546439768513358
20.94, 273, 414, 3.01292608841393, 62.507999999999996, 0.0010546439768513358
20.95, 272, 414, 3.013405472039772, 62.507999999999996, 0.0010546439768513358
20.96, 272, 415, 3.013884855665613, 62.507999999999996, 0.0013422741523562457
20.97, 271, 415, 3.0149394996424643, 62.507999999999996, 0.0013422741523562457
20.98, 270, 415, 3.0161858970696525, 62.507999999999996, 0.0012463974271879426
21.0, 269, 415, 3.018966322099533, 62.507999999999996, 0.0011505207020196392
21.01, 269, 415, 3.0197333359008796, 62.507999999999996, 0.0011505207020196392
21.02, 268, 415, 3.0205962264273944, 62.507999999999996, 0.0010546439768513358
21.03, 267, 415, 3.0207879798777313, 62.507999999999996, 0.0010546439768513358
21.04, 267, 415, 3.021459116953909, 62.507999999999996, 0.0010546439768513358
21.06, 265, 415, 3.0219385005797506, 62.507999999999996, 0.0010546439768513358
21.07, 265, 415, 3.022417884205592, 62.507999999999996, 0.0009587672516830326
21.09, 263, 415, 3.0238560350831167, 62.507999999999996, 0.0009587672516830326
21.11, 262, 416, 3.0266364601129974, 62.507999999999996, 0.0011505207020196392
21.12, 262, 416, 3.027786980815017, 62.507999999999996, 0.0010546439768513358
21.14, 261, 416, 3.029033378242205, 62.507999999999996, 0.0010546439768513358
21.15, 260, 416, 3.029129254967373, 62.507999999999996, 0.0010546439768513358
21.16, 259, 416, 3.029512761868047, 62.507999999999996, 0.0010546439768513358
21.17, 259, 416, 3.0298003920435517, 62.507999999999996, 0.0010546439768513358
21.19, 257, 416, 3.030567405844898, 62.507999999999996, 0.0009587672516830326
21.2, 257, 416, 3.0311426661959078, 62.507999999999996, 0.0008628905265147294
21.21, 256, 416, 3.0322931868979275, 62.507999999999996, 0.0008628905265147294
21.22, 255, 416, 3.0335395843251156, 62.507999999999996, 0.0007670138013464262
21.24, 254, 417, 3.0356488722788177, 62.507999999999996, 0.0009587672516830326
21.25, 254, 417, 3.036224132629828, 62.507999999999996, 0.0009587672516830326
21.26, 253, 417, 3.036415886080164, 62.507999999999996, 0.0008628905265147294
21.27, 252, 417, 3.036415886080164, 62.507999999999996, 0.0008628905265147294
21.28, 252, 417, 3.037278776606679, 62.507999999999996, 0.0008628905265147294
21.29, 251, 417, 3.038141667133194, 62.507999999999996, 0.0007670138013464262
21.3, 251, 417, 3.039004557659709, 62.507999999999996, 0.0007670138013464262
21.31, 250, 417, 3.0397715714610554, 62.507999999999996, 0.0006711370761781229
21.32, 249, 417, 3.0399633249113918, 62.507999999999996, 0.0006711370761781229
21.33, 249, 417, 3.040155078361728, 62.507999999999996, 0.0006711370761781229
21.35, 247, 417, 3.04120972233858, 62.507999999999996, 0.0004793836258415163
21.36, 247, 417, 3.0418808594147575, 62.507999999999996, 0.0004793836258415163
21.37, 246, 417, 3.042264366315431, 62.507999999999996, 0.0004793836258415163
21.38, 246, 417, 3.042839626666441, 62.507999999999996, 0.0003835069006732131
21.39, 245, 417, 3.043031380116777, 62.507999999999996, 0.0003835069006732131
21.41, 244, 418, 3.0433190102922825, 62.507999999999996, 0.0006711370761781229
21.42, 243, 418, 3.0433190102922825, 62.507999999999996, 0.0006711370761781229
21.43, 243, 418, 3.0433190102922825, 62.507999999999996, 0.0006711370761781229
21.44, 242, 418, 3.043510763742619, 62.507999999999996, 0.0006711370761781229
21.45, 241, 418, 3.044181900818797, 62.507999999999996, 0.0005752603510098196
21.46, 241, 418, 3.0443736542691333, 62.507999999999996, 0.0005752603510098196
21.47, 240, 418, 3.0452365447956486, 62.507999999999996, 0.0004793836258415163
21.49, 239, 418, 3.0460035585969947, 62.507999999999996, 0.0004793836258415163
21.5, 238, 418, 3.046962325848678, 62.507999999999996, 0.0003835069006732131
21.51, 238, 418, 3.047249956024183, 62.507999999999996, 0.0003835069006732131
21.52, 237, 418, 3.0481128465506973, 62.507999999999996, 0.0002876301755049098
21.54, 236, 418, 3.0479210931003604, 62.507999999999996, 0.0002876301755049098
21.57, 234, 419, 3.0488798603520437, 62.507999999999996, 0.0005752603510098196
21.58, 233, 419, 3.049455120703054, 62.507999999999996, 0.0004793836258415163
21.59, 233, 419, 3.0500303810540634, 62.507999999999996, 0.0004793836258415163
21.6, 232, 419, 3.0504138879547367, 62.507999999999996, 0.0003835069006732131
21.61, 231, 419, 3.0500303810540634, 62.507999999999996, 0.0003835069006732131
21.62, 231, 419, 3.0500303810540634, 62.507999999999996, 0.0003835069006732131
21.63, 230, 419, 3.0499345043288955, 62.507999999999996, 0.0003835069006732131
21.64, 230, 419, 3.0500303810540634, 62.507999999999996, 0.0003835069006732131
21.65, 229, 419, 3.050701518130242, 62.507999999999996, 0.0002876301755049098
21.66, 228, 419, 3.051180901756083, 62.507999999999996, 0.0002876301755049098
21.67, 228, 419, 3.051852038832261, 62.507999999999996, 0.00019175345033660654
21.68, 227, 419, 3.052139669007766, 62.507999999999996, 0.00019175345033660654
21.69, 226, 419, 3.0522355457329344, 62.507999999999996, 9.587672516830327e-05
21.7, 226, 419, 3.0522355457329344, 62.507999999999996, 9.587672516830327e-05
21.71, 225, 419, 3.052139669007766, 62.507999999999996, 9.587672516830327e-05
21.73, 224, 419, 3.0525231759084392, 62.507999999999996, 9.587672516830327e-05
21.75, 223, 420, 3.0529066828091125, 62.507999999999996, 0.0004793836258415163
21.76, 222, 420, 3.052810806083944, 62.507999999999996, 0.0003835069006732131
21.77, 221, 420, 3.052714929358776, 62.507999999999996, 0.0003835069006732131
21.78, 221, 420, 3.053002559534281, 62.507999999999996, 0.0003835069006732131
21.79, 220, 420, 3.053002559534281, 62.507999999999996, 0.0003835069006732131
21.83, 218, 420, 3.0535778198852905, 62.507999999999996, 0.00019175345033660654
21.84, 217, 420, 3.0537695733356274, 62.507999999999996, 0.00019175345033660654
21.85, 216, 420, 3.054344833686637, 62.507999999999996, 9.587672516830327e-05
21.86, 216, 420, 3.054632463862142, 62.507999999999996, 9.587672516830327e-05
21.87, 215, 420, 3.054920094037647, 62.507999999999996, 9.587672516830327e-05
21.88, 215, 420, 3.054920094037647, 62.507999999999996, 9.587672516830327e-05
21.89, 214, 420, 3.054920094037647, 62.507999999999996, 0.0
21.9, 213, 420, 3.055207724213152, 62.507999999999996, 0.0
21.91, 213, 420, 3.0548242173124787, 62.507999999999996, 0.0
21.92, 212, 420, 3.0548242173124787, 62.507999999999996, 0.0
21.93, 212, 421, 3.0550159707628155, 62.507999999999996, 0.0004793836258415163
21.94, 211, 421, 3.0548242173124787, 62.507999999999996, 0.0003835069006732131
21.95, 210, 421, 3.0551118474879835, 62.507999999999996, 0.0003835069006732131
21.96, 210, 421, 3.0553994776634883, 62.507999999999996, 0.0003835069006732131
21.97, 209, 421, 3.0557829845641615, 62.507999999999996, 0.0002876301755049098
21.98, 208, 421, 3.0560706147396663, 62.507999999999996, 0.00019175345033660654
21.99, 208, 421, 3.056166491464835, 62.507999999999996, 0.00019175345033660654
22.0, 207, 421, 3.05645412164034, 62.507999999999996, 0.00019175345033660654
22.01, 207, 421, 3.0559747380144984, 62.507999999999996, 0.00019175345033660654
22.02, 206, 421, 3.0556871078389936, 62.507999999999996, 0.00019175345033660654
22.03, 205, 421, 3.0556871078389936, 62.507999999999996, 9.587672516830327e-05
22.04, 205, 421, 3.0556871078389936, 62.507999999999996, 9.587672516830327e-05
22.05, 204, 421, 3.0560706147396663, 62.507999999999996, 9.587672516830327e-05
22.06, 203, 421, 3.0566458750906764, 62.507999999999996, 0.0
22.07, 203, 421, 3.0570293819913497, 62.507999999999996, 0.0
22.08, 202, 421, 3.0570293819913497, 62.507999999999996, 0.0
22.1, 201, 421, 3.057412888892023, 62.507999999999996, -9.587672516830327e-05
22.11, 200, 421, 3.057412888892023, 62.507999999999996, -9.587672516830327e-05
22.12, 200, 422, 3.057412888892023, 62.507999999999996, 0.0003835069006732131
22.13, 199, 422, 3.0573170121668545, 62.507999999999996, 0.0003835069006732131
22.14, 198, 422, 3.0573170121668545, 62.507999999999996, 0.0002876301755049098
22.15, 198, 422, 3.0573170121668545, 62.507999999999996, 0.0002876301755049098
22.16, 197, 422, 3.057412888892023, 62.507999999999996, 0.0002876301755049098
22.18, 196, 422, 3.058084025968201, 62.507999999999996, 0.00019175345033660654
22.19, 195, 422, 3.058755163044379, 62.507999999999996, 9.587672516830327e-05
22.2, 195, 422, 3.058946916494716, 62.507999999999996, 9.587672516830327e-05
22.21, 194, 422, 3.058755163044379, 62.507999999999996, 9.587672516830327e-05
22.22, 194, 422, 3.0592345466702207, 62.507999999999996, 0.0
22.23, 193, 422, 3.058946916494716, 62.507999999999996, 0.0
22.24, 192, 422, 3.058755163044379, 62.507999999999996, 0.0
22.25, 192, 422, 3.0592345466702207, 62.507999999999996, 0.0
22.26, 191, 422, 3.0592345466702207, 62.507999999999996, 0.0
22.27, 190, 422, 3.0594263001205575, 62.507999999999996, -9.587672516830327e-05
22.28, 190, 422, 3.060001560471567, 62.507999999999996, -9.587672516830327e-05
22.29, 189, 422, 3.0598098070212303, 62.507999999999996, -0.00019175345033660654
22.3, 189, 422, 3.060001560471567, 62.507999999999996, -0.00019175345033660654
22.31, 188, 422, 3.060001560471567, 62.507999999999996, -0.0002876301755049098
22.32, 187, 423, 3.0597139302960623, 62.507999999999996, 0.0003835069006732131
22.33, 187, 423, 3.0599056837463987, 62.507999999999996, 0.0003835069006732131
22.34, 186, 423, 3.0597139302960623, 62.507999999999996, 0.0002876301755049098
22.35, 185, 423, 3.0597139302960623, 62.507999999999996, 0.00019175345033660654
